species,carL,cheL,cheW,cheD,sex
sp_1,0.5986402790628096,0.8633636045132862,0.30479720461261006,0.4017285578242069,female
sp_2,0.7283537820212285,0.951823035315912,0.4983105537896005,0.5622928644564748,female
sp_3,0.5343711464664908,0.757273876330143,0.32660625688767186,0.40977196777093433,female
sp_4,0.6247973114579471,0.8427000082071521,0.4281435779481731,0.49109418269588984,female
sp_5,1.0829639831267373,1.37031536316935,0.7898573518292845,0.884665958749589,female
sp_6,1.076292504135173,1.3498249643163112,0.8027113078135042,0.884346253743252,female
sp_7,1.0453229787866574,1.3654879848908996,0.724275869600789,0.8129133566428556,female
sp_8,1.0815064186604948,1.394650066267735,0.805096867036661,0.9021311445136508,female
sp_9,1.0941830715370993,1.3775429263472887,0.8094204590941492,0.9099752528217896,female
sp_10,1.0621244495092406,1.347451268552609,0.779725632665157,0.86776192095589,female
sp_11,0.6532125137753437,0.7481880270062004,0.2041199826559248,0.2304489213782739,female
sp_12,0.6212707141491921,0.7958105191066596,0.17219613684255536,0.15481508371294936,female
sp_13,0.6018644708136709,0.8520859867734973,0.4681563168310966,0.5538457490201537,female
sp_14,0.6670707773787545,0.7685821207693202,0.23623962824329503,0.3500065461350297,female
sp_15,0.5634810853944107,0.6757783416740851,0.26951294421791633,0.3692158574101428,female
sp_16,0.5921767573958668,0.8014037100173551,0.22271647114758325,0.1903316981702915,female
sp_17,0.5634810853944107,0.7058637122839193,0.19865708695442263,0.22010808804005508,female
sp_18,0.8129133566428556,0.8920946026904804,0.2787536009528289,0.3617278360175928,female
sp_19,0.9444826721501688,1.0453229787866574,0.4471580313422192,0.5440680443502757,female
sp_20,0.7395723444500919,0.7774268223893114,0.1367205671564068,0.250420002308894,female
sp_21,0.9822712330395684,1.1205739312058498,0.5910646070264992,0.6720978579357175,female
sp_22,0.8102325179950841,0.9680157139936416,0.35410843914740087,0.4756711883244297,female
sp_23,0.8162412999917831,0.8864907251724818,0.2380461031287954,0.3692158574101428,female
sp_24,0.893206753059848,0.9656719712201068,0.292256071356476,0.3891660843645325,female
sp_25,0.7767011839884109,0.8419848045901139,0.250420002308894,0.38381536598043126,female
sp_26,0.8228216453031046,0.9628426812012424,0.3283796034387377,0.4548448600085102,female
sp_27,0.8750612633917001,0.9590413923210936,0.3010299956639812,0.3979400086720376,female
sp_28,0.6532125137753437,0.6989700043360189,0.16136800223497488,0.2304489213782739,female
sp_29,0.926342446625655,0.9763499790032736,0.35410843914740087,0.5037906830571811,female
sp_30,0.7331972651065695,0.7395723444500919,0.11058971029924898,0.26951294421791633,female
sp_31,0.7824726241662862,0.8048206787211624,0.26951294421791633,0.3692158574101428,female
sp_32,0.8987251815894935,0.948412965778601,0.3053513694466238,0.41161970596323016,female
sp_33,1.0170333392987805,1.0884904701823963,0.4099331233312945,0.5440680443502757,female
sp_34,0.7395723444500919,1.1702617153949575,0.534026106056135,0.4845371099888863,female
sp_35,0.814913181275074,0.8561244442423003,0.26951294421791633,0.424881636631067,female
sp_36,0.8401060944567578,0.846955325019824,0.26951294421791633,0.4014005407815441,female
sp_37,0.6857417386022636,0.7589118923979735,0.18752072083646307,0.24962386482169668,female
sp_38,0.8898617212581884,0.9566485792052032,0.3692158574101428,0.48713837547718647,female
sp_39,0.8102325179950841,0.8312296938670634,0.2304489213782739,0.33845649360460484,female
sp_40,0.8048206787211624,0.9025467793139914,0.287801729930226,0.38381536598043126,female
sp_41,0.8369567370595504,0.884795363948981,0.287801729930226,0.424881636631067,female
sp_42,0.8662873390841949,0.9903388547876014,0.35793484700045375,0.4424797690644486,female
sp_43,0.8645110810583919,0.9434945159061026,0.4031205211758178,0.48572142648158,female
sp_44,0.7558748556724915,0.8573324964312685,0.25527250510330607,0.3222192947339193,female
sp_45,0.8363241157067517,0.9242792860618816,0.3222192947339193,0.4265112613645752,female
sp_46,0.7528164311882715,0.8318697742805017,0.20951501454263097,0.3010299956639812,female
sp_47,0.6473829701146199,0.7134905430939426,0.05307844348341968,0.16136800223497488,female
sp_48,0.7267272090265723,0.7759743311293691,0.20951501454263097,0.3222192947339193,female
sp_49,0.7649229846498885,0.846955325019824,0.250420002308894,0.38381536598043126,female
sp_50,0.7759743311293691,0.8639173769578604,0.24303804868629444,0.39269695325966575,female
sp_51,0.7481880270062004,0.8633228601204559,0.26717172840301384,0.380211241711606,female
sp_52,0.7331972651065695,0.7589118923979735,0.1367205671564068,0.3222192947339193,female
sp_53,0.7589118923979735,0.8709888137605752,0.33041377334919086,0.3979400086720376,female
sp_54,0.7649229846498885,0.8662873390841949,0.3053513694466238,0.424881636631067,female
sp_55,0.8102325179950841,0.9319661147281728,0.35410843914740087,0.4623979978989561,female
sp_56,0.6334684555795865,0.7323937598229685,0.146128035678238,0.2304489213782739,female
sp_57,0.6020599913279624,0.7993405494535817,0.3521825181113625,0.31146527851480277,female
sp_58,0.861316961266906,1.08278537031645,0.5910646070264992,0.588383370872835,female
sp_59,0.9084850188786496,1.1818435879447726,0.6989700043360189,0.612528033436833,female
sp_60,0.9294189257142929,1.235528446907549,0.6989700043360189,0.6203573626273948,female
sp_61,0.9444826721501688,1.24551266781415,0.5185139398778874,0.6085614814074621,female
sp_62,1.0453229787866574,1.320146286111054,0.7923916894982539,0.7013213657950418,female
sp_63,0.9242792860618816,1.1986570869544226,0.6901960800285137,0.6248556160941282,female
sp_64,0.9138138523837168,1.2148438480476975,0.561101383649056,0.5983664691641108,female
sp_65,0.7050778611448959,0.9121924774348448,0.4210895283722765,0.3428471696165309,female
sp_66,0.4913616938342727,0.7909884750888159,0.380211241711606,0.2697526549010756,female
sp_67,0.617000341120899,0.8573324964312685,0.46834733041215726,0.35763200246542337,female
sp_68,0.60422605308447,0.8254261177678232,0.42160392686983106,0.3436739998047619,female
sp_69,0.5634810853944107,0.7774268223893114,0.3891660843645325,0.3305260345342929,female
sp_70,0.6473829701146199,0.9084850188786496,0.48572142648158,0.3707428413685498,female
sp_71,0.6448836354763906,0.8925566728893214,0.4804540907120214,0.3639010134029899,female
sp_72,0.5563025007672873,0.8027737252919757,0.43136376415898736,0.3025124658803677,female
sp_73,0.5877109650189114,0.8312296938670634,0.42160392686983106,0.31377156712603393,female
sp_74,0.7126497016272114,0.9513375187959175,0.5024271199844327,0.5098315693021124,female
sp_75,0.686087643057532,0.9565292383882912,0.402495411738144,0.4621396430309409,female
sp_76,0.8419848045901139,0.8463371121298052,0.4065401804339551,0.408127614073499,female
sp_77,0.6430035610397373,0.8766306200349023,0.4578318017528866,0.25527250510330607,female
sp_78,0.7284212466458836,0.9789401388800651,0.5149834895488764,0.5712885277778079,female
sp_79,0.8260425503163105,1.0700273807719718,0.5869374982325475,0.6364830156604222,female
sp_80,0.526339277389844,0.6665179805548809,0.3344537511509309,0.20030937340583083,female
sp_81,0.7036734459689182,0.9225128667282048,0.4937972718175748,0.5671755659677511,female
sp_82,0.7225510886659222,0.9620570303079248,0.4914442791840558,0.555798970425541,female
sp_83,0.6434526764861874,0.8893017025063102,0.4983105537896005,0.39404127526927635,female
sp_84,0.5962837266682728,0.8512152682227627,0.3798339223448152,0.4231685560649026,female
sp_85,0.541579243946581,0.7466341989375788,0.2966651902615311,0.2514847834798058,female
sp_86,0.7262801516217631,1.0149403497929366,0.5440680443502757,0.6020599913279624,female
sp_87,0.7399755163401479,0.977992538974266,0.519016603014701,0.5717782279307709,female
sp_88,0.5634810853944107,0.7969491503541717,0.3691801629511241,0.3222192947339193,female
sp_89,0.60422605308447,0.8388490907372553,0.380211241711606,0.33935146596895993,female
sp_90,0.6232492903979004,0.8573324964312685,0.43136376415898736,0.3518542838680649,female
sp_91,0.9294189257142929,1.187520720836463,0.6532125137753437,0.5185139398778874,female
sp_92,1.1047575072713154,1.395775152513665,0.9097719677709344,0.8885320773712148,female
sp_93,1.1205739312058498,1.4183012913197457,0.7403626894942439,1,female
sp_94,0.6712113404111031,0.8582729363635466,0.4471580313422192,0.3985102651567249,female
sp_95,0.788817695998272,1.0029440123566589,0.7354990848304368,0.5556312568295326,female
sp_96,1.151867311075454,1.440889644722964,0.934615859865488,1.0501655859660666,female
sp_97,0.7071382977293345,0.9052121632580508,0.4642275668684281,0.5196189410813485,female
sp_98,0.7781512503836436,1.0492180226701815,0.5314789170422551,0.6989700043360189,female
sp_99,0.8633228601204559,1.0273496077747566,0.7403626894942439,2.550228353055094,female
sp_100,0.8779469516291882,1.089905111439398,0.7781512503836436,0.5797835966168101,female
sp_101,0.7923916894982539,1.0128372247051722,0.4771212547196624,0.6989700043360189,female
sp_102,0.8388490907372553,1.08278537031645,0.6020599913279624,0.7558748556724915,female
sp_103,0.3222192947339193,0.5440680443502757,-0.02227639471115225,-0.12493873660829996,female
sp_104,0.6627578316815741,0.8388490907372553,0.568201724066995,0.3979400086720376,female
sp_105,0.7160033436347992,0.7671558660821804,0.414973347970818,0.6283889300503115,female
sp_106,0.8396994213523694,1.0461084907076723,0.6865367727565371,0.645839527395199,female
sp_107,0.8808135922807914,1.1139433523068367,0.6627578316815741,0.7923916894982539,female
sp_108,0.7817553746524689,0.9912260756924948,0.7075701760979364,0.4913616938342727,female
sp_109,0.6354837468149122,0.8343606468143197,0.2600713879850748,0.5044575669567912,female
sp_110,0.87737134586977406,1.0606978403536116,0.561101383649056,0.7497363155690611,female
sp_111,0.6190933306267428,0.8129133566428556,0.2966651902615311,0.534026106056135,female
sp_112,0.8450980400142568,1.0863598306747482,0.7634279935629372,0.6020599913279624,female
sp_113,0.949280322469856,1.2041115001761509,0.86907304435602994,0.6803913449366401,female
sp_114,0.9309415700527096,1.1036658144581362,0.6374159342259054,0.8061799739838872,female
sp_115,0.8573324964312685,1.0413926851582251,0.7708520116421442,0.5185139398778874,female
sp_116,0.7781512503836436,1.0293837776852095,0.6532125137753437,0.414973347970818,female
sp_117,1.1669283909724852,1.4201021139771026,0.992184825338782,0.95804860948979,female
sp_118,1.0755469613925308,1.3443922736851108,0.8750612633917001,0.8129133566428556,female
sp_119,1.0962995230175854,1.3541576147068473,0.8652520541844176,0.878679864058758,female
sp_120,1.213394421241219,1.4315115398572564,1.0646681384060588,0.9920301355477508,female
sp_121,1.198101707116579,1.3583357492141943,1.1603708989711692,1.0071325731377565,female
sp_122,1.230448921378274,1.418130412528264,1.045112560350588,0.9797996210435214,female
sp_123,0.9181827894105392,1.0919049714980416,0.6976577895927634,0.6614166740436664,female
sp_124,0.910581240698794,1.132579847659737,1.0060379549973173,0.7512338876119263,female
sp_125,0.9117889040858134,1.0944740064342189,0.832459863577666,0.7070348825936982,female
sp_126,0.8450980400142568,1.0043213737826426,0.7558748556724915,0.5314789170422551,female
sp_127,0.8709848666033182,1.02408511464601,0.7719347714516013,0.6227751638826283,female
sp_128,1.2235790156711095,1.46085624018131,1.0717416053350308,0.9843293018343062,female
sp_129,1.2704459080179626,1.4855794769846786,1.1467480136306398,0.9941769701907972,female
sp_130,1.2816468578675144,1.513377433651993,1.0593257832683267,0.9592449897192464,female
sp_131,1.158404376026511,1.3031960574204888,0.9344984512435676,0.9243159472089768,female
sp_132,1.2337300547536318,1.4597377888295306,1.0799038664847154,1.0407456642628494,female
sp_133,1.1889262095033772,1.4393326938302626,1.0596444445623041,0.97273429256591,female
sp_134,1.130040312743876,1.2827143265267544,1.0717465143706324,0.8442043811976837,female
sp_135,0.9890046156985368,1.1514170839159703,0.7782399592588521,0.7402755465384178,female
sp_136,1.230448921378274,1.4314699054692064,1.042784879647529,0.9720903097934004,female
sp_137,1.213367083749644,1.427268934747743,1.0388037754028874,0.9722482350065738,female
sp_138,1.2112154388971368,1.427490960364142,1.0405938524931324,0.9707412182022788,female
sp_139,1.1972805581256194,1.3540080034071371,1.010310171023247,0.931327900553889,female
sp_140,1.0969100130080565,1.334857477152363,0.9373821365153252,0.8845005031013787,female
sp_141,1.1365043480309265,1.3425908980811587,0.9933613721983864,0.9034176802771074,female
sp_142,0.5843312243675308,0.8000293592441343,0.08278537031645007,0.09342168516223506,female
sp_143,0.6328781031698839,0.8037950580200663,0.1655313503000762,0.12523439835024272,female
sp_144,0.526339277389844,0.6919651027673603,0.07188200730612536,0.07188200730612536,female
sp_145,0.6127192487913334,0.795184589682424,0.12057393120584987,0.17026171539495738,female
sp_146,0.5170339783255541,0.7049930459616189,0.10235598355376611,0.13643016688015155,female
sp_147,0.5514499979728752,0.7234556720351858,0.1139433523068368,0.146128035678238,female
sp_148,0.5622928644564748,0.658964842664435,0.07188200730612536,0.07188200730612536,female
sp_149,0.5037821473113118,0.6449170607425156,0.01469188884260483,0.039300900177695663,female
sp_150,0.537300311902647,0.6940261942128579,0.09596295689075451,0.08938750959588253,female
sp_151,0.6232492903979004,0.8573324964312685,0.3617278360175928,0.505149978319906,female
sp_152,0.9030899869919436,1.1522883443830565,0.6532125137753437,0.5563025007672873,female
sp_153,0.7008725411185315,0.8982177794050873,0.4194245453686276,0.4310656896565186,female
sp_154,0.5538050752216828,0.7185985197596134,0.1155308053074771,0.19315136534875765,female
sp_155,0.7781512503836436,1,0.5440680443502757,0.45390152704892706,female
sp_156,0.6127838567197355,0.7160033436347992,0.3010299956639812,0.1139433523068368,female
sp_157,0.6989700043360189,0.8946493055797206,0.397592294841212,0.3010299956639812,female
sp_158,0.9261227811186246,1.1547304568803332,0.6598494582346984,0.5562993979213783,female
sp_159,0.9777236052888476,1.209515014542631,0.6232492903979004,0.7323937598229685,female
sp_160,1.0413926851582251,1.3010299956639813,0.8864907251724818,0.7558748556724915,female
sp_161,0.7840779178629473,0.9140331768579883,0.5377844703206411,0.4350373971525476,female
sp_162,0.7708520116421442,1.021189299069938,0.5185139398778874,0.3979400086720376,female
sp_163,0.7633003205762089,0.9439480630561988,0.32412933303582425,0.26309953705314704,female
sp_164,0.8260748027008264,0.9867717342662448,0.4771212547196624,0.4471580313422192,female
sp_165,0.8310224994590762,1.020484159695731,0.4893308865070495,0.44641754467756656,female
sp_166,0.7634279935629372,0.9542425094393248,0.3617278360175928,0.414973347970818,female
sp_167,0.3616251901915494,0.5531804544033752,0,-0.04418140831628446,female
sp_168,0.43136376415898736,0.5797835966168101,-0.04575749056067511,-0.04575749056067511,female
sp_169,0.7160033436347992,0.9684829485539352,0.3424226808222063,0.43136376415898736,female
sp_170,0.42324587393680785,0.505149978319906,-0.0969100130080564,-0.07058107428570728,female
sp_171,0.5378190950732742,0.6720978579357175,0.1139433523068368,0.06069784035361165,female
sp_172,0.6126546408629314,0.7816218505701991,0.06028696560292494,0.07918124604762482,female
sp_173,0.2396796664034858,0.3298392780122877,-0.28919803656508447,-0.32390874094431876,female
sp_174,0.42324587393680785,0.5250448070368452,-0.02227639471115225,-0.04575749056067511,female
sp_175,0.5027983443776843,0.6398452305940657,0.10826557254057669,0.06069784035361165,female
sp_176,0.6745546393992645,0.7605224600591675,0.2118279156049707,0.2206042285124204,female
sp_177,0.5049378168560801,0.5965622991772308,0.0965622991772308,0.07918124604762482,female
sp_178,0.9030899869919436,1.2068258760318498,0.380211241711606,0.380211241711606,female
sp_179,0.9637878273455552,1.212187604403958,0.4913616938342727,0.4913616938342727,female
sp_180,0.7741986622681635,0.9294189257142929,0.3424226808222063,0.3010299956639812,female
sp_181,0.8260748027008264,0.9637878273455552,0.3010299956639812,0.3424226808222063,female
sp_182,0.7923916894982539,0.9637878273455552,0.3424226808222063,0.3700514134330908,female
sp_183,0.8325089127062363,0.9731278535996988,0.3010299956639812,0.3222192947339193,female
sp_184,0.5314789170422551,0.5314789170422551,0,0,female
sp_185,0.6989700043360189,0.8195439355418687,0.2304489213782739,0.2787536009528289,female
sp_186,0.6812412373755872,0.7993405494535817,0.17609125905568124,0.2041199826559248,female
sp_187,0.9138138523837168,1.0569048513364727,0.43136376415898736,0.4471580313422192,female
sp_188,0.8574028686825131,1.0084644582415672,0.5478627536162238,0.502041414996975,female
sp_189,0.6044417995028695,0.7476966484659872,0.09618399234845731,0.04466962352688745,female
sp_190,0.9743364615888066,1.125309187467347,0.668291146850173,0.7290718761054145,female
sp_191,0.8864907251724818,1.0530784434834195,0.5797835966168101,0.6901960800285137,female
sp_192,0.8378449938716344,1.0119112229910423,0.48767229547821495,0.5161619331544642,female
sp_193,0.9148481874877368,1.0848491573018966,0.5843732192538124,0.5822514587398512,female
sp_194,0.7160033436347992,0.9138138523837168,0.3979400086720376,0.43136376415898736,female
sp_195,0.8260748027008264,1.0128372247051722,0.5314789170422551,0.5563025007672873,female
sp_196,0.6532125137753437,0.8325089127062363,0.3010299956639812,0.3617278360175928,female
sp_197,0.7993405494535817,0.9777236052888476,0.4771212547196624,0.5314789170422551,female
sp_198,0.7558748556724915,0.9294189257142929,0.414973347970818,0.4771212547196624,female
sp_199,0.8129133566428556,0.9777236052888476,0.4913616938342727,0.6020599913279624,female
sp_200,0.8325089127062363,0.9912260756924948,0.5314789170422551,0.6232492903979004,female
sp_201,0.8129133566428556,0.9731278535996988,0.3979400086720376,0.4771212547196624,female
sp_202,0.8450980400142568,0.9684829485539352,0.5185139398778874,0.4771212547196624,female
sp_203,0.7592569699389438,0.9138138523837168,0.4771212547196624,0.3424226808222063,female
sp_204,0.7781512503836436,0.6720978579357175,0.4392608977506033,0.3424226808222063,female
sp_205,0.8450980400142568,1.0293837776852095,0.505149978319906,0.4771212547196624,female
sp_206,0.8414784631506043,0.9552321579978068,0.45531220244460063,0.39619584474912695,female
sp_207,0.63707892463184,0.8260748027008264,0.3010299956639812,0.25527250510330607,female
sp_208,0.8692317197309762,1.0374264979406236,0.5797835966168101,0.6020599913279624,female
sp_209,0.7923916894982539,0.9242792860618816,0.43136376415898736,0.4471580313422192,female
sp_210,0.6928031367991561,0.7558748556724915,0.2921656121837654,0.25527250510330607,female
sp_211,0.7720340221751378,0.9128542074693788,0.4346158598654881,0.3739583722968189,female
sp_212,0.724275869600789,0.9030899869919436,0.3010299956639812,0.3424226808222063,female
sp_213,0.380211241711606,0.6532125137753437,-0.04745126715177399,-0.11979414724557225,female
sp_214,0.5451757221033737,0.8108295695351845,0.33646886375025276,0.2628980390240926,female
sp_215,0.5989467750754707,0.9499104716621568,0.14395489442573584,0.11354639250961382,female
sp_216,0.7288393046354776,0.9388596643445986,0.5073848027509714,0.411745852817769,female
sp_217,1,1.2833012287035497,0.6232492903979004,0.6492174620072907,female
sp_218,0.8268880386273069,1.029463616715941,0.37735437944582423,0.4837647755122076,female
sp_219,0.9912260756924948,0.5346605758284444,0.41077723337720984,0.4622860892988294,female
sp_220,0.7432745235119333,0.9666109866819343,0.39915433395821653,0.4048416824137391,female
sp_221,0.9464522650130732,1.1757907713355784,0.5883259814014472,0.621472716562637,female
sp_222,1.131297796597623,1.378761175316373,0.7708520116421442,0.7782236267660965,female
sp_223,0.8088858673598122,1.0644579892269184,0.3873898263387294,0.3443922736851107,female
sp_224,0.7403626894942439,0.9748606663078238,0.38224799142846394,0.38633573809295735,female
sp_225,0.6222140229662954,0.829946695941636,0.00860017176191757,0.0406619009044874,female
sp_226,0.6127838567197355,0.8061799739838872,0.07918124604762482,0,female
sp_227,0.5145477526602861,0.6551384348113821,-0.06048074738138147,-0.06550154875643228,female
sp_228,0.5910646070264992,0.7634279935629372,0.07918124604762482,0.05305175798104072,female
sp_229,0.6946051989335688,0.919078092376074,0.1832698436828046,0.17609125905568124,female
sp_230,0.7458551951737289,0.9425041061680808,0.41664050733828095,0.424881636631067,female
sp_231,0.7275412570285564,0.9666109866819343,0.3783979009481377,0.4082399653118496,female
sp_232,0.6493348587121419,0.8727388274726688,0.34044411484011833,0.3783979009481377,female
sp_233,0.8690848901393218,1.0855453946940263,0.4401777957507767,0.4380848346537773,female
sp_234,0.7551122663950712,1.0440484452952397,0.44491455552206377,0.39925626651567575,female
sp_235,0.8953936166654344,1.121164597035701,0.46368604267578456,0.48530508120027366,female
sp_236,0.9444826721501688,1.1789769472931697,0.6483600109809317,0.6483600109809317,female
sp_237,0.9111576087399766,1.1532049000842843,0.5092025223311029,0.60422605308447,female
sp_238,0.8633228601204559,1.0681858617461617,0.4623979978989561,0.4771212547196624,female
sp_239,0.5797835966168101,0.6532125137753437,0.1139433523068368,0.1139433523068368,female
sp_240,0.5271803767332168,0.5769680725477211,-0.02336183166634781,-0.01064822636828596,female
sp_241,0.5351674851149442,0.5351674851149442,-0.12205304837081175,-0.09366495819490932,female
sp_242,0.48429983934678583,0.5276299008713387,-0.0969100130080564,-0.06988945820996473,female
sp_243,0.5622928644564748,0.6834973176798114,0.01072386539177306,0.0212759747754767,female
sp_244,0.5593080109070125,0.6720978579357175,0.01072386539177306,0.01072386539177306,female
sp_245,0.5250448070368452,0.6627578316815741,-0.02227639471115225,-0.02227639471115225,female
sp_246,0.6646419755561255,0.8356905714924255,0.1903316981702915,0.1903316981702915,female
sp_247,0.5665198309354655,0.6826269634795605,-0.01558347755478507,0.00455540306610633,female
sp_248,0.8904156235837248,1.0636531710079695,0.4090634395131618,0.3451955128138559,female
sp_249,0.934813104135862,1.1861741919638098,0.4146518864155125,0.4771212547196624,female
sp_250,0.787176992470554,0.8541237821011671,0.2041199826559248,0.26387267686522364,female
sp_251,0.8193715892264667,1.0072329528464403,0.2362784785602027,0.30075822175367767,female
sp_252,0.8388490907372553,0.9542425094393248,0.3222192947339193,0.380211241711606,female
sp_253,0.8686266821034371,1.042127827587633,0.28793330160677266,0.33169293981987896,female
sp_254,0.7671558660821804,0.8739015978644614,0.2576785748691845,0.2966651902615311,female
sp_255,0.7958800173440752,0.9547247909790628,0.26717172840301384,0.28555730900777376,female
sp_256,0.7993405494535817,0.9395192526186184,0.25527250510330607,0.25527250510330607,female
sp_257,0.7587594806015995,0.9284413220284772,0.15350153956574816,0.21042264951828168,female
sp_258,0.7018922021221639,0.8493658691679791,0.13924680700516617,0.1869158485403387,female
sp_259,0.8193715892264667,1.0072329528464403,0.2362784785602027,0.30075822175367767,female
sp_260,0.6797602783662502,0.830681834857254,0.13191438606559328,0.182702176796265,female
sp_261,0.5017302660547532,0.5874657967642213,-0.10032972527320916,-0.1259059864968998,female
sp_262,0.5969294685292513,0.6887824280871404,0.05690485133647256,0.08635983067474821,female
sp_263,0.6811299963243082,0.8258560457387314,0.16472945002986103,0.21753976920224696,female
sp_264,0.6523929123634179,0.7896898124721606,0.14491602009478968,0.16355428612918213,female
sp_265,0.5797835966168101,0.7075701760979364,0,0.06378223356986755,female
sp_266,0.5574472086535918,0.6743470951327706,-0.09522014268236612,-0.0977599054470036,female
sp_267,0.594634526424245,0.6595076284954683,-0.01525249685355837,0,female
sp_268,0.6807886115066824,0.7665615526375309,0.064083435963596,0.1007150865730816,female
sp_269,1.0097389202882348,1.3468535285620158,0.5607925830022221,0.6353562627554099,female
sp_270,0.9609461957338314,1.1766699326681496,0.5676009176644717,0.6071590526674425,female
sp_271,0.8887409606828927,1.1109262422664203,0.5145477526602861,0.5365584425715301,female
sp_272,0.785329835010767,1.0530784434834195,0.3617278360175928,0.36035047923031827,female
sp_273,0.9561684304753632,1.1241780554746752,0.5865873046717549,0.5145477526602861,female
sp_274,0.996709296907683,1.2247885631597453,0.5450090419633553,0.6158227067580759,female
sp_275,1.0497299707666876,1.2876216181559983,0.7836262148082656,0.740417956303736,female
sp_276,0.9978175972987752,1.28351318307953,0.7032700902169775,0.6636205753110409,female
sp_277,0.9426673859356284,1.1393904383499596,0.3656366710026855,0.4134165438395998,female
sp_278,0.9542425094393248,1.1139433523068367,0.5797835966168101,0.5836256246491395,female
sp_279,1,1.230448921378274,0.5797835966168101,0.6087826891930346,female
sp_280,0.9505928900685752,1.1755114262920618,0.36315980605538767,0.35793484700045375,female
sp_281,1.0514440174773545,1.2573512860397966,0.7269647960288643,0.7299742856995556,female
sp_282,1.0863598306747482,1.3096301674258988,0.6901960800285137,0.7323937598229685,female
sp_283,0.4265112613645752,0.6414741105040995,-0.06550154875643228,-0.08618614761628333,female
sp_284,0.4885507165004443,0.7656685547590141,-0.02227639471115225,-0.07058107428570728,female
sp_285,0.41161970596323016,0.6730209071288962,-0.05060999335508721,-0.08092190762392612,female
sp_286,0.414973347970818,0.6789733759197651,-0.04575749056067511,-0.0969100130080564,female
sp_287,0.8394780473741984,1.082426300860772,0.5314789170422551,0.5352941200427705,female
sp_288,0.8195439355418687,1.0374264979406236,0.4913616938342727,0.46433303013531274,female
sp_289,1,1.230448921378274,0.6989700043360189,0.6746979768679779,female
sp_290,0.880211241711606,1.1071569487121995,0.5536049848239342,0.5654678144197378,female
sp_291,0.8808135922807914,1.136720567156407,0.5563025007672873,0.5797835966168101,female
sp_292,0.9030899869919436,1.1139433523068367,0.5440680443502757,0.5664023666524837,female
sp_293,0.8450980400142568,1.0530784434834195,0.4771212547196624,0.482432944074959,female
sp_294,0.99563519459755,1.1846914308175989,0.6434526764861874,0.6720978579357175,female
sp_295,0.7923916894982539,0.9590413923210936,0.4471580313422192,0.4913616938342727,female
sp_296,0.7993405494535817,1.021189299069938,0.43136376415898736,0.380211241711606,female
sp_297,0.8937391536513639,1.182026545771894,0.5332559390842375,0.5939784368910536,female
sp_298,0.9064770353109758,1.1980804523735205,0.5626979702511306,0.6023499127443604,female
sp_299,0.9294340079770071,1.216769784207436,0.5876450809873953,0.6306081445486457,female
sp_300,0.8755008901484657,1.140456677249523,0.4926575745746448,0.5356097356075837,female
sp_301,0.8870612950984325,1.1665616749509204,0.5006877748639531,0.5560938362695402,female
sp_302,0.9083336317279928,1.2075623911529876,0.5405757971276581,0.5814508195764373,female
sp_303,0.8753950360435319,1.130225112457602,0.5128522729444673,0.5498523375117533,female
sp_304,0.9332909821244686,1.2139563841086851,0.5735645290077828,0.6272026515840136,female
sp_305,0.9046127506207658,1.1824700033010136,0.5367268204745922,0.5906860697317022,female
sp_306,0.99563519459755,1.235528446907549,0.5440680443502757,0.6178055402690033,female
sp_307,0.7075701760979364,0.8920946026904804,0.31175386105575426,0.290034611362518,female
sp_308,0.730378468587643,0.9542425094393248,0.3222192947339193,0.290034611362518,female
sp_309,0.43136376415898736,0.6101276130759954,-0.2041199826559248,-0.17069622716897506,female
sp_310,0.414973347970818,0.5797835966168101,-0.13313063248339607,-0.1342454216783167,female
sp_311,0.4765414219560431,0.5897758955825938,-0.174360993000928,-0.1453650195120846,female
sp_312,0.4588325550794722,0.583826333899758,-0.3433397542592901,-0.3877095041825614,female
sp_313,0.4441591990885764,0.5979142251693698,-0.31589344286876964,-0.3520482191214027,female
sp_314,0.6006857194360407,0.845982042342721,0.1282782526073701,0.08298169547662326,female
sp_315,0.654889397150508,0.9160331673946902,0.14199873944630348,0.1248332953553969,female
sp_316,0.6362696933626097,0.9134040115982016,0.2133986990040534,0.1349258097369564,female
sp_317,0.6230615482212589,0.8914129556679805,0.1380818648353877,0.1052528257420338,female
sp_318,0.5440680443502757,0.7634279935629372,0,-0.04575749056067511,female
sp_319,0.568201724066995,0.6901960800285137,0,0.02370681278518182,female
sp_320,0.7603838627988909,0.9730623046616076,0.2626520410946439,0.2304489213782739,female
sp_321,0.7558748556724915,0.9777236052888476,0.2041199826559248,0.27691870084401793,female
sp_322,0.6127838567197355,0.8195439355418687,0.2041199826559248,0.12269992221299636,female
sp_323,0.5185139398778874,0.7442929831226762,0.21748394421390627,0.146128035678238,female
sp_324,0.5797835966168101,0.793702276396894,0.1917857162314506,0.14011268300271307,female
sp_325,0.6467047235977256,0.8387879210936302,0.2135404573357942,0.16591430775293525,female
sp_326,0.657017922839859,0.897592294841212,0.1944057067367618,0.07918124604762482,female
sp_327,0.7923916894982539,1.0334237554869496,0.3979400086720376,0.380211241711606,female
sp_328,0.9138138523837168,1.167317334748176,0.6232492903979004,0.5797835966168101,female
sp_329,0.7201593034059569,0.978626096265848,0.3899424144661884,0.3967247583405079,female
sp_330,0.9294189257142929,1.1588870522212895,0.5779482735490985,0.5761276290227495,female
sp_331,0.9469432706978256,1.146128035678238,0.414973347970818,0.3979400086720376,female
sp_332,0.9706313754111192,1.2041874894495304,0.584194862004697,0.5970985231276216,female
sp_333,0.7024305364455253,0.8247764624755457,0.3424226808222063,0.414973347970818,female
sp_334,0.8709888137605752,1.1172712956557642,0.6273658565927327,0.6893088591236202,female
sp_335,0.42324587393680785,0.5965970956264602,0.02118929906993809,0,female
sp_336,0.5715284359490287,0.4506656431793557,0.29975837389644433,0.26247847177694444,female
sp_337,0.6812412373755872,0.8864907251724818,0.2304489213782739,0.17609125905568124,female
sp_338,0.5502283530550941,0.7458551951737289,0.10720996964786836,0.12057393120584987,female
sp_339,0.5739926603419025,0.8089193738585017,0.15903166748138078,0.04139268515822508,female
sp_340,0.5714664935072126,0.8170131712592564,0.06879881428403382,0.02718760553338865,female
sp_341,0.87106911736792,1.102515650737575,0.4204368200335411,0.4387663963047084,female
sp_342,0.8881934474343476,1.1422176065763434,0.45645756157051465,0.44727128885419887,female
sp_343,0.7846217264071936,1.0603411208030054,0.30977197143302027,0.2394092189041891,female
sp_344,0.8325089127062363,1.0718820073061257,0.3979400086720376,0.3617278360175928,female
sp_345,0.8147047995513594,1.0370569913888332,0.28327766544152744,0.2968644993539554,female
sp_346,0.7923916894982539,1.0863598306747482,0.3424226808222063,0.2787536009528289,female
sp_347,0.8762808344788247,1.173601003071321,0.4091631207181873,0.38262382274567625,female
sp_348,0.7923916894982539,1.0492180226701815,0.3424226808222063,0.3222192947339193,female
sp_349,0.8450980400142568,1.08278537031645,0.4424797690644486,0.4424797690644486,female
sp_350,0.8481891169913987,1.1172712956557642,0.42324587393680785,0.4065401804339551,female
sp_351,0.783647384370934,1.0326767291888932,0.342120679461102,0.30461933800883373,female
sp_352,0.6875289612146344,0.9299295600845878,0.10380372095595689,0.2380461031287954,female
sp_353,0.5705429398818975,0.7824726241662862,0.08278537031645007,0.11058971029924898,female
sp_354,0.8674674878590515,1.1132746924643504,0.437750562820388,0.3765769570565119,female
sp_355,0.5599066250361125,0.7403626894942439,0.15228834438305647,0.1643528557844371,female
sp_356,0.7708520116421442,1.0492180226701815,0.3979400086720376,0.3424226808222063,female
sp_357,0.8047972046126101,1.0983919688688546,0.4973784722938141,0.4621396430309409,female
sp_358,0.8395048775428176,1.115076239055118,0.424863222098164,0.425567997505787,female
sp_359,0.8129133566428556,1.1430148002540952,0.5185139398778874,0.4471580313422192,female
sp_360,0.6020599913279624,0.8325089127062363,0.26717172840301384,0.21748394421390627,female
sp_361,0.6812412373755872,0.9268567089496924,0.6232492903979004,0.3010299956639812,female
sp_362,0.8119170413721292,1.070334617239434,0.4802339858198967,0.4346373855273249,female
sp_363,0.9030899869919436,1.2013971243204515,0.6020599913279624,0.5449371763167282,female
sp_364,0.8611085129230086,1.1489332346044605,0.5053274443214156,0.4754243196842114,female
sp_365,0.9030899869919436,1.1911667013058018,0.5440680443502757,0.5519319582332015,female
sp_366,0.9041743682841636,1.2392994791268923,0.4653828514484183,0.48144262850230496,female
sp_367,0.6532125137753437,0.9084850188786496,0.3617278360175928,0.3617278360175928,female
sp_368,0.7923916894982539,1.0334237554869496,0.3222192947339193,0.3424226808222063,female
sp_369,0.5760503255659993,0.8307932921212624,0.1725312753507715,0.08827378247614985,female
sp_370,0.7708520116421442,1.0086001717619175,0.414973347970818,0.3617278360175928,female
sp_371,0.7262417007680815,0.9672036850286658,0.3686316633210214,0.35149810493054534,female
sp_372,0.7675186759987627,1.0262373181813724,0.40227529201061657,0.39086764373662,female
sp_373,0.522395271994667,0.6857186587020505,0.01703333929878037,-0.00436480540245008,female
sp_374,0.4888570241287848,0.6669748683939225,0.02086066140938772,-0.03230333766935213,female
sp_375,0.8306079825820112,1.195187223108721,0.34014443066061306,0.3562692873042754,female
sp_376,1.0134708139795146,1.2828235735754592,0.5937603604182315,0.5845431787435114,female
sp_377,0.8866151228934276,1.0950840336675889,0.5005375229834932,0.5406337802009228,female
sp_378,0.8680563618230416,1.216165902285993,0.5185139398778874,0.4983105537896005,female
sp_379,0.952487373928283,1.207595401941875,0.5814199567108564,0.5739291508664957,female
sp_380,0.9180909439450294,1.186229540640611,0.4786488177392821,0.4925636813366544,female
sp_381,0.9674181704403996,1.19440614099385,0.48088413583995526,0.49458248240875824,female
sp_382,0.8669022868508552,1.0926340365315206,0.4888275045202461,0.49079456758531786,female
sp_383,0.6180480967120927,0.8061799739838872,0.17026171539495738,0.1238516409670858,female
sp_384,0.648178651391232,0.7300683426943687,0.35178178287895906,0.28862056448157847,female
sp_385,0.6532125137753437,0.8953498137938708,0.2783520339067054,0.23771813394576613,female
sp_386,0.7970800275213549,1.0203612826477078,0.505149978319906,0.4771212547196624,female
sp_387,0.6804105238352163,0.9162435186994982,0.3637423885592311,0.30049337243666374,female
sp_388,0.686465200690088,0.928144150676097,0.3927415948121006,0.3362767484529839,female
sp_389,0.7305954158607331,0.9984314193615376,0.4318351749114308,0.3888277994136198,female
sp_390,0.7075701760979364,1.021189299069938,0.3979400086720376,0.3222192947339193,female
sp_391,0.8061799739838872,1.0399372050693998,0.4352155294098946,0.4159236458810027,female
sp_392,0.7160033436347992,0.7267272090265723,0.39093510710337914,0.31386722036915343,female
sp_393,0.6430035610397373,0.8482546412046152,0.28579619168065357,0.200570977596865,female
sp_394,0.5313536337568061,0.890081951024708,0.07918124604762482,0.05398887212135832,female
sp_395,0.5262880406212671,0.8369604001619976,0.05593448926223915,0.05784362662766509,female
sp_396,0.8547296355489975,1.1133160205647836,0.5152998609829755,0.5481072926732027,female
sp_397,0.6878318069804428,0.9003327685565605,0.2729626646779214,0.24303804868629444,female
sp_398,0.8573324964312685,1.0969100130080565,0.4471580313422192,0.4623979978989561,female
sp_399,0.7781512503836436,0.9800033715837464,0.3521825181113625,0.3010299956639812,female
sp_400,0.8061269530482187,1.0542825118664174,0.43868567293488703,0.43868567293488703,female
sp_401,0.9148948193419654,1.1391429199772884,0.4896588857664228,0.47084124797139504,female
sp_402,1.0529253371925718,1.2946955115684666,0.6579851727284589,0.6627578316815741,female
sp_403,0.9777236052888476,1.2041199826559248,0.5910646070264992,0.5670263661590603,female
sp_404,0.8571967369764234,1.062382492031356,0.494098818847469,0.4941545940184428,female
sp_405,0.9421976846446828,1.1639386881067155,0.6144109260326698,0.6759054874029967,female
sp_406,0.7779323548825987,1.0003684614913049,0.35328494908567315,0.3609480165881781,female
sp_407,1,1.2606419715640738,0.6132844220107733,0.6380068645352087,female
sp_408,0.9173095840994294,1.133645256379218,0.49038229984736226,0.4659898868778391,female
sp_409,0.8329405238358369,1.0311781590427187,0.43613642311210254,0.4065401804339551,female
sp_410,0.6334684555795865,0.8543060418010806,0.16136800223497488,0.21748394421390627,female
sp_411,0.8162286460923621,1.005827505362389,0.37018134474712194,0.4057875029352967,female
sp_412,0.7573296501094748,0.9773382934593218,0.3584271972763713,0.3578847148887335,female
sp_413,0.9659830573640864,1.212187604403958,0.6020599913279624,0.568201724066995,female
sp_414,0.5797835966168101,0.7781512503836436,0.21748394421390627,0.16136800223497488,female
sp_415,0.6580113966571124,0.8808135922807914,0.2304489213782739,0.2041199826559248,female
sp_416,0.7781512503836436,1.021189299069938,0.3671968991944298,0.3519247535013041,female
sp_417,0.7558748556724915,1,0.3617278360175928,0.3222192947339193,female
sp_418,0.8419848045901139,1.0644579892269184,0.4065401804339551,0.3710678622717362,female
sp_419,0.7633849536258577,1.025292980673306,0.3289537567633483,0.3222192947339193,female
sp_420,0.8195439355418687,1.0681858617461617,0.4771212547196624,0.4771212547196624,female
sp_421,0.6709907100636816,0.891665881443712,0.2235790156711096,0.190105620855803,female
sp_422,0.7496620263506129,0.9732933020839184,0.359875239858983,0.32555740108589887,female
sp_423,0.6178273384784745,0.8149783550306233,0.19516722375592593,0.1780511890566994,female
sp_424,0.8948696567452525,1.125481265700594,0.4913616938342727,0.46982201597816303,female
sp_425,0.7600863470937919,0.9734723040800518,0.35945278591813473,0.32473748106051326,female
sp_1,0.5249157543629979,0.7479434078012014,0.2500151040039225,0.3249599910023102,male
sp_2,0.635804650689416,0.8656432535482121,0.40911294680697774,0.4947805234426784,male
sp_3,0.5116776804132228,0.7516228857325564,0.3374305703689058,0.40620597915067014,male
sp_4,0.4771212547196624,0.7323937598229685,0.3222192947339193,0.3521825181113625,male
sp_5,1.0680357190692098,1.3796884375336396,0.7890241706672169,0.9019463776381526,male
sp_6,1.032027442702735,1.316760621031115,0.7865308882392646,0.8823095435703792,male
sp_7,1.0606978403536116,1.371990911464915,0.7481880270062004,0.8512583487190752,male
sp_8,1.025228547392865,1.3531081098614095,0.7670130530280675,0.8793613492726589,male
sp_9,1.035922790078056,1.3330797477063745,0.7563669485344575,0.8411133252345597,male
sp_10,1.0149403497929366,1.3154070973641063,0.7634279935629372,0.848178194366666,male
sp_11,0.5910646070264992,0.7634279935629372,0.2041199826559248,0.2041199826559248,male
sp_12,0.6232492903979004,0.8195439355418687,0.25527250510330607,0.2787536009528289,male
sp_13,0.5932168125976245,0.6700514455479767,0.10507896882662096,0.2128974898633468,male
sp_14,0.636104111585942,0.7673720766776775,0.2582408983483847,0.36721824655424135,male
sp_15,0.6190933306267428,0.7395723444500919,0.38381536598043126,0.48713837547718647,male
sp_16,0.48144262850230496,0.7291647896927701,0.17026171539495738,0.12057393120584987,male
sp_17,0.5211380837040362,0.7528164311882715,0.35024801833416286,0.367355921026019,male
sp_18,0.7323937598229685,0.8976270912904415,0.3617278360175928,0.43136376415898736,male
sp_19,0.9294189257142929,1.1205739312058498,0.6020599913279624,0.6532125137753437,male
sp_20,0.6910814921229684,0.7466341989375788,0.05307844348341968,0.16136800223497488,male
sp_21,1.0043213737826426,1.2174839442139065,0.6812412373755872,0.785329835010767,male
sp_22,0.7937903846908186,1.024895960107485,0.45024910831936105,0.5250448070368452,male
sp_23,0.6998377258672457,0.846955325019824,0.18752072083646307,0.287801729930226,male
sp_24,0.8656960599160706,0.9754318085092628,0.32633586092875144,0.4424797690644486,male
sp_25,0.6434526764861874,0.8419848045901139,0.26951294421791633,0.33845649360460484,male
sp_26,0.7427251313046983,0.9561684304753632,0.35410843914740087,0.4456042032735976,male
sp_27,0.7558748556724915,0.9444826721501688,0.3222192947339193,0.43136376415898736,male
sp_28,0.6020599913279624,0.6989700043360189,0.1139433523068368,0.16136800223497488,male
sp_29,0.8992731873176038,1.0170333392987805,0.3747483460101038,0.5037906830571811,male
sp_30,0.6857417386022636,0.7395723444500919,0.08278537031645007,0.20951501454263097,male
sp_31,0.6812412373755872,0.7558748556724915,0.2041199826559248,0.3010299956639812,male
sp_32,0.8656960599160706,0.9527924430440922,0.2528530309798932,0.35793484700045375,male
sp_33,0.9159272116971158,1.0216027160282422,0.292256071356476,0.4099331233312945,male
sp_34,0.7767011839884109,0.9116901587538612,0.20682587603184976,0.3621648532155312,male
sp_35,0.7923916894982539,0.8721562727482929,0.2380461031287954,0.3783979009481377,male
sp_36,0.7528164311882715,0.887054378050957,0.26951294421791633,0.3692158574101428,male
sp_37,0.7201593034059569,0.7923916894982539,0.21748394421390627,0.2934582568215967,male
sp_38,0.8155777483242672,0.9159272116971158,0.38381536598043126,0.5092025223311029,male
sp_39,0.7201593034059569,0.7881683711411677,0.1846914308175988,0.26951294421791633,male
sp_40,0.7067177823367587,0.8615344108590378,0.20682587603184976,0.33845649360460484,male
sp_41,0.7331972651065695,0.8363241157067517,0.24797326636180664,0.35410843914740087,male
sp_42,0.8567288903828826,0.7331972651065695,0.14921911265537988,0.250420002308894,male
sp_43,0.8228216453031046,0.9813655090785444,0.424881636631067,0.5224442335063199,male
sp_44,0.6627578316815741,0.9084850188786496,0.3222192947339193,0.380211241711606,male
sp_45,0.7881683711411677,0.983175072037813,0.38381536598043126,0.4983105537896005,male
sp_46,0.7649229846498885,0.9283958522567138,0.33845649360460484,0.45178643552429026,male
sp_47,0.7134905430939426,0.8567288903828826,0.250420002308894,0.33845649360460484,male
sp_48,0.5786392099680724,0.7331972651065695,0.1367205671564068,0.22788670461367352,male
sp_49,0.7520484478194386,0.8785217955012065,0.33845649360460484,0.4983105537896005,male
sp_50,0.6563530727989451,0.7814436906469396,0.12151902434314722,0.39269695325966575,male
sp_51,0.7481880270062004,0.9030899869919436,0.26951294421791633,0.3692158574101428,male
sp_52,0.69284691927723,0.846955325019824,0.287801729930226,0.38381536598043126,male
sp_53,0.6848453616444125,0.895422546039408,0.33845649360460484,0.45178643552429026,male
sp_54,0.7767011839884109,0.9527924430440922,0.43933269383026263,0.5198279937757188,male
sp_55,0.7512791039833423,0.8656960599160706,0.3222192947339193,0.3979400086720376,male
sp_56,0.6901960800285137,0.8864907251724818,0.3222192947339193,0.414973347970818,male
sp_57,0.5622928644564748,0.8325089127062363,0.43933269383026263,0.3817759160106676,male
sp_58,0.7993405494535817,1.1139433523068367,0.5185139398778874,0.5469710214828433,male
sp_59,0.8512583487190752,1.1430148002540952,0.6334684555795865,0.5722738632495072,male
sp_60,0.9344984512435676,1.294466226161593,0.6334684555795865,0.5979036977170297,male
sp_61,0.8920946026904804,1.212187604403958,0.6720978579357175,0.5870024816060998,male
sp_62,0.9762509239315118,1.2555738892473864,0.7335523565105309,0.6318746908115044,male
sp_63,0.8928783999813215,1.2341736652060786,0.690105620855803,0.5185139398778874,male
sp_64,0.9344984512435676,1.24551266781415,0.5740312677277188,0.5929555590874247,male
sp_65,0.5605280661608676,0.7674661980534494,0.27038125163546173,0.19217723963198569,male
sp_66,0.541579243946581,0.7604224834232121,0.42160392686983106,0.3592059273449504,male
sp_67,0.6637009253896482,0.9084850188786496,0.534026106056135,0.47235977640909343,male
sp_68,0.60422605308447,0.8331471119127851,0.45024910831936105,0.4078809626137287,male
sp_69,0.526339277389844,0.7788744720027395,0.42160392686983106,0.3721501677886028,male
sp_70,0.6946051989335688,0.9273703630390236,0.5301996982030822,0.4840895153723456,male
sp_71,0.6138418218760693,0.8573324964312685,0.48572142648158,0.4200182298878618,male
sp_72,0.579633165546747,0.8371319598461124,0.48071054703322413,0.39194284098552273,male
sp_73,0.5843312243675308,0.8591382972945308,0.45939248775923086,0.38609321195243895,male
sp_74,0.7466341989375788,0.9740509027928772,0.5526682161121932,0.5555075484799362,male
sp_75,0.6800836200110614,0.9462838073170567,0.4240945584956993,0.4814213406006213,male
sp_76,0.5976951859255123,0.8463371121298052,0.4409090820652177,0.4216317139527459,male
sp_77,0.6303337684950061,0.8657943825933694,0.4893184741922372,0.3617278360175928,male
sp_78,0.6952828935768192,0.9387391822662696,0.5012580007582719,0.5633691464854436,male
sp_79,0.8314405327478325,1.0815566990013232,0.6178994039253914,0.678065049695225,male
sp_80,0.534026106056135,0.7604224834232121,0.35793484700045375,0.3200968869855252,male
sp_81,0.7117771528835053,0.9469439755628548,0.5030787117181,0.5750533155278456,male
sp_82,0.7137747757584725,0.9637228841879856,0.5262321669918654,0.577553026981422,male
sp_83,0.6532125137753437,0.893206753059848,0.5250448070368452,0.4520075561659255,male
sp_84,0.5937603604182315,0.8481454231955973,0.4273048190478976,0.4697596263093092,male
sp_85,0.48572142648158,0.7075701760979364,0.26951294421791633,0.17413766352123297,male
sp_86,0.7717332908970462,1.0191162904470727,0.6074550232146685,0.6434526764861874,male
sp_87,0.7488624010933056,1.001283783499161,0.5688436993264109,0.6049849155073246,male
sp_88,0.5705429398818975,0.7917546795991112,0.38893443359296087,0.3242824552976926,male
sp_89,0.5809249756756193,0.8195439355418687,0.3692158574101428,0.32684093783321905,male
sp_90,0.6294095991027189,0.8680563618230416,0.48713837547718647,0.4308869687228249,male
sp_91,0.9717395908877784,1.3151603678282604,0.7572805262533725,0.7952178726644974,male
sp_92,0.8450980400142568,1.146128035678238,0.7708520116421442,0.4771212547196624,male
sp_93,1.0413926851582251,1.3783979009481375,0.6901960800285137,0.9444826721501688,male
sp_94,0.6832114786129864,0.9944243435632176,0.3222192947339193,0.5314789170422551,male
sp_95,0.7558748556724915,1.0170333392987805,0.7075701760979364,0.4983105537896005,male
sp_96,1.1122713230575176,1.4389990314700356,0.8864907251724818,0.9973435328151744,male
sp_97,0.7692811531082802,0.9925840956550628,0.5906153154302446,0.5584316205269977,male
sp_98,0.8129133566428556,1.1038037209559568,0.505149978319906,0.7323937598229685,male
sp_99,0.8292561083977651,1.0106411761017902,0.7283537820212285,0.5185139398778874,male
sp_100,0.8061799739838872,1.053061437003327,0.7403626894942439,0.4913616938342727,male
sp_101,0.8195439355418687,1.0606978403536116,0.4771212547196624,0.7160033436347992,male
sp_102,0.7781512503836436,1.0681858617461617,0.5910646070264992,0.7558748556724915,male
sp_103,0.3010299956639812,0.5622928644564748,0.02118929906993809,-0.0969100130080564,male
sp_104,0.6627578316815741,0.8750612633917001,0.6020599913279624,0.3424226808222063,male
sp_105,0.7520484478194386,0.99563519459755,0.4471580313422192,0.6812412373755872,male
sp_106,0.8105573053516975,1.0836250023449028,0.5734561706989088,0.5848338240981222,male
sp_107,0.8325089127062363,1.1613680022349748,0.4771212547196624,0.6627578316815741,male
sp_108,0.7979684531345868,1.1038037209559568,0.5484550065040282,0.5722871038048082,male
sp_109,0.5387693410423195,0.7531253023688944,0.11362189075153128,0.4146518864155125,male
sp_110,0.8920946026904804,1.1643528557844371,0.48000694295715063,0.724275869600789,male
sp_111,0.6655809910179531,0.8771129910017588,0.3282599142836832,0.5791661658544904,male
sp_112,0.8290056983285562,1.1232492903979003,0.7176832533063306,0.527975702664575,male
sp_113,0.919078092376074,1.2027073334759324,0.8258812236900555,0.5887682499649312,male
sp_114,0.8234742291703011,0.9637878273455552,0.48000694295715063,0.6404814369704218,male
sp_115,0.8325089127062363,1.1139433523068367,0.7323937598229685,0.43136376415898736,male
sp_116,0.8061799739838872,1.0334237554869496,0.6434526764861874,0.43136376415898736,male
sp_117,1,1.3416455174482231,0.8077435922265426,0.8329522596335943,male
sp_118,1.0492180226701815,1.4014005407815442,0.8061799739838872,0.7923916894982539,male
sp_119,1.0028406503696454,1.3016783742860405,0.7722916443050934,0.7876882649151363,male
sp_120,1.3579348470004535,1.5289167002776547,1.1368982445826394,1.3424226808222062,male
sp_121,1.2379844165414071,1.439215433800798,1.223946722639342,1.0411636954497234,male
sp_122,1.2041199826559248,1.486652155289039,1.1132185792868785,1.0287225469543575,male
sp_123,0.9314960155530564,1.076677988410942,0.640955244679057,0.5592990027883207,male
sp_124,0.8723138619893396,1.0986849112441603,0.6701013370470812,0.6199010512285043,male
sp_125,0.8978171695937799,1.101657782947026,0.84109830255183,0.7485597444622822,male
sp_126,0.7558748556724915,0.8976270912904415,0.6232492903979004,0.4623979978989561,male
sp_127,0.8815703550984532,1.0248515832720966,0.7875321923694654,0.6697436023336054,male
sp_128,1.2263684263432788,1.5276891656875,1.063146895346633,1.0167792287709876,male
sp_129,1.2681097298084782,1.4983105537896004,1.1646502159342969,1.0232736865637178,male
sp_130,1.2270893382290653,1.4845276062233337,1.0591846176313713,0.944326044538728,male
sp_131,1.0969100130080565,1.3053513694466237,0.9395192526186184,0.925698939134596,male
sp_132,1.2055985080108418,1.4675065373287988,1.0085586956213553,0.9646380884231284,male
sp_133,1.1882702300941976,1.458005766268252,0.9242485090451832,0.91857317195453,male
sp_134,1.1279546505895257,1.3056854356588972,0.8267449681321218,1.0617364722367166,male
sp_135,0.9902686922567604,1.2174839442139065,0.9222062774390164,0.7049380790223121,male
sp_136,1.2469906992415498,1.4605971888976017,1.190051417759206,1.026773520443527,male
sp_137,1.240371466269334,1.4833703736145478,1.149660296264545,1.0357346634132258,male
sp_138,1.236789099409293,1.478356893533301,1.1418812093668176,1.0123999658790483,male
sp_139,1.1483325951307657,1.550228353055094,1.0969100130080565,1.0292914257118058,male
sp_140,1.212187604403958,1.4065401804339552,1.1687920203141815,1.0102999270315989,male
sp_141,1.0606978403536116,1.3456044899805295,0.852831855204427,0.9476721582265708,male
sp_142,0.48287358360875376,0.6919651027673603,-0.04095860767890638,-0.00436480540245008,male
sp_143,0.46982201597816303,0.651278013998144,0.04921802267018165,0,male
sp_144,0.4765539232514917,0.6568986708108145,0.10540381824416044,0.09060221822208112,male
sp_145,0.3530600548513518,0.505149978319906,-0.14874165128092473,-0.14874165128092473,male
sp_146,0.41172830514600767,0.6183257708473966,0.08955718658233078,0.12467158009730386,male
sp_147,0.3765769570565119,0.5502283530550941,-0.07058107428570728,-0.02227639471115225,male
sp_148,0.3710678622717362,0.5301996982030822,-0.06048074738138147,-0.07058107428570728,male
sp_149,0.4668676203541095,0.6074550232146685,-0.00877392430750515,0.04139268515822508,male
sp_150,0.4183012913197454,0.5774917998372253,-0.03151705144606486,0.01339699909808033,male
sp_151,0.5910646070264992,0.7923916894982539,0.3617278360175928,0.505149978319906,male
sp_152,0.8325089127062363,1.1205739312058498,0.6532125137753437,0.5185139398778874,male
sp_153,0.6476735741668089,0.8731613825449764,0.414973347970818,0.42654476492593274,male
sp_154,0.5301996982030822,0.7058637122839193,0.12057393120584987,0.20951501454263097,male
sp_155,0.7075701760979364,0.9590413923210936,0.4771212547196624,0.4414763276690532,male
sp_156,0.6334684555795865,0.6989700043360189,0.1139433523068368,0.04139268515822508,male
sp_157,0.6720978579357175,0.8325089127062363,0.3010299956639812,0.2304489213782739,male
sp_158,0.8685963213523686,1.1532125137753435,0.6766695476556523,0.5249964284600712,male
sp_159,0.8633228601204559,1.1139433523068367,0.5314789170422551,0.6532125137753437,male
sp_160,0.9444826721501688,1.250420002308894,0.8260748027008264,0.6532125137753437,male
sp_161,0.7172471127516924,0.912321775497856,0.5050592990502469,0.4323646048409512,male
sp_162,0.7075701760979364,0.8633228601204559,0.3010299956639812,0.3010299956639812,male
sp_163,0.652720789813787,0.8608771464965455,0.2824830874997243,0.22887875642076447,male
sp_164,0.7781512503836436,0.9684829485539352,0.3617278360175928,0.414973347970818,male
sp_165,0.7403626894942439,0.9395192526186184,0.3979400086720376,0.43136376415898736,male
sp_166,0.7558748556724915,0.9777236052888476,0.414973347970818,0.4771212547196624,male
sp_167,0.3424226808222063,0.4548448600085102,-0.07058107428570728,-0.098994850490993,male
sp_168,0.3617278360175928,0.505149978319906,-0.1549019599857432,-0.1549019599857432,male
sp_169,0.7160033436347992,0.9637878273455552,0.3617278360175928,0.43136376415898736,male
sp_170,0.3424226808222063,0.42324587393680785,-0.1870866433571444,-0.1870866433571444,male
sp_171,0.4913616938342727,0.6989700043360189,0.16136800223497488,0.1139433523068368,male
sp_172,0.6626551858555306,0.8450980400142568,0.07766801873253093,0.07918124604762482,male
sp_173,0.22530928172586284,0.31806333496276157,-0.2006594505464183,-0.27572413039921095,male
sp_174,0.43933269383026263,0.5622928644564748,0.06069784035361165,0.13033376849500614,male
sp_175,0.4505618322858589,0.5865660728499296,0.14293367287680095,0.10506071711314673,male
sp_176,0.6264952745346077,0.7349525521433193,0.20355338769662665,0.2377741683290092,male
sp_177,0.33243845991560533,0.4471580313422192,-0.0969100130080564,-0.0969100130080564,male
sp_178,0.7481880270062004,1.0492180226701815,0.25527250510330607,0.2304489213782739,male
sp_179,0.9395192526186184,1.2227164711475833,0.4771212547196624,0.505149978319906,male
sp_180,0.6804011360700345,0.8325089127062363,0.17609125905568124,0.146128035678238,male
sp_181,0.7481880270062004,0.9138138523837168,0.146128035678238,0.2304489213782739,male
sp_182,0.724275869600789,0.9030899869919436,0.3010299956639812,0.33167787401533094,male
sp_183,0.7634279935629372,0.9590413923210936,0.3617278360175928,0.414973347970818,male
sp_184,0.4913616938342727,0.6020599913279624,0.146128035678238,0.146128035678238,male
sp_185,0.7160033436347992,0.8633228601204559,0.3010299956639812,0.3424226808222063,male
sp_186,0.6020599913279624,0.7481880270062004,0.1139433523068368,0.146128035678238,male
sp_187,0.8573324964312685,0.9867717342662448,0.4771212547196624,0.4913616938342727,male
sp_188,0.7323937598229685,0.9030899869919436,0.414973347970818,0.3617278360175928,male
sp_189,0.4931376682055159,0.6579974595305004,0.0408778102626786,0.01182648147377859,male
sp_190,0.9529265540071964,1.1127113726340168,0.6652933897822007,0.7441268829447717,male
sp_191,0.7993405494535817,0.9731278535996988,0.5185139398778874,0.6127838567197355,male
sp_192,0.7879818177096419,0.9565538574903534,0.46509266811929145,0.5001443953319274,male
sp_193,0.8270375970480202,1.0000401706812518,0.5245139866371961,0.514486293542607,male
sp_194,0.6989700043360189,0.8573324964312685,0.3979400086720376,0.3979400086720376,male
sp_195,0.7160033436347992,0.8692317197309762,0.4471580313422192,0.4771212547196624,male
sp_196,0.6720978579357175,0.8450980400142568,0.4471580313422192,0.43136376415898736,male
sp_197,0.6989700043360189,0.8692317197309762,0.3979400086720376,0.43136376415898736,male
sp_198,0.7075701760979364,0.8750612633917001,0.380211241711606,0.4471580313422192,male
sp_199,0.8260748027008264,0.9684829485539352,0.4913616938342727,0.568201724066995,male
sp_200,0.7403626894942439,0.9030899869919436,0.4623979978989561,0.5314789170422551,male
sp_201,0.724275869600789,0.8750612633917001,0.3222192947339193,0.414973347970818,male
sp_202,0.7403626894942439,0.8920946026904804,0.4771212547196624,0.414973347970818,male
sp_203,0.6532125137753437,0.7923916894982539,0.3424226808222063,0.25527250510330607,male
sp_204,0.7518953415285905,0.6989700043360189,0.4911356165197842,0.43933269383026263,male
sp_205,0.785329835010767,0.9777236052888476,0.4623979978989561,0.4913616938342727,male
sp_206,0.6532125137753437,0.7634279935629372,0.3424226808222063,0.3010299956639812,male
sp_207,0.5797835966168101,0.6720978579357175,0.2787536009528289,0.2041199826559248,male
sp_208,0.7481880270062004,0.9138138523837168,0.4623979978989561,0.4771212547196624,male
sp_209,0.6901960800285137,0.8260748027008264,0.380211241711606,0.414973347970818,male
sp_210,0.6232492903979004,0.7403626894942439,0.25527250510330607,0.25527250510330607,male
sp_211,0.7634279935629372,0.9830508989717872,0.6232492903979004,0.5012943270039624,male
sp_212,0.6232492903979004,0.8512583487190752,0.2787536009528289,0.3222192947339193,male
sp_213,0.3222192947339193,0.6127838567197355,-0.14986094321523444,-0.161403575984177,male
sp_214,0.3617278360175928,0.6532125137753437,0.146128035678238,0.07918124604762482,male
sp_215,0.5168446955331691,0.8546383876245764,0.1437879213863291,0.09741869045215867,male
sp_216,0.6421680726564644,0.8701780550087772,0.4937036756206736,0.3862091376551796,male
sp_217,1,1.2833012287035497,0.5797835966168101,0.6301929611920297,male
sp_218,0.6417714706539592,0.8878984880968722,0.2752573244678111,0.2967526203315048,male
sp_219,0.921686475483602,0.4661258704181993,0.5508396050657851,0.4973808137609785,male
sp_220,0.8123651767105668,1.060312919727317,0.5336370373420225,0.5298869366968644,male
sp_221,0.9493900066449128,1.2458787189856302,0.6100982812405111,0.6287177269882631,male
sp_222,1.000867721531227,1.3102683666324475,0.60422605308447,0.60422605308447,male
sp_223,0.791690649020118,1.0644579892269184,0.35602585719312274,0.4132997640812518,male
sp_224,0.7606877209336058,1.005094675072549,0.291701770729981,0.2762319579218336,male
sp_225,0.5717088318086876,0.8014037100173551,-0.05060999335508721,0.11750521057844124,male
sp_226,0.5910646070264992,0.8388490907372553,0.1139433523068368,0.07918124604762482,male
sp_227,0.4424797690644486,0.6493348587121419,-0.02687214640030136,0.00432137378264257,male
sp_228,0.505149978319906,0.7160033436347992,0.1139433523068368,0.15663958598941946,male
sp_229,0.5797835966168101,0.7888751157754168,0.13033376849500614,0.35410843914740087,male
sp_230,0.705007959333336,0.9319661147281728,0.4297522800024079,0.4548448600085102,male
sp_231,0.7160033436347992,0.9508514588885464,0.4281347940287889,0.424881636631067,male
sp_232,0.6263403673750424,0.8444771757456814,0.3765769570565119,0.4183012913197454,male
sp_233,0.8178115035719353,1.0544510626685215,0.48636905799785934,0.5087476309935414,male
sp_234,0.7435097647284298,1.0150141191279454,0.4377826497439361,0.42794121501801785,male
sp_235,0.8222889865778356,1.060633389532,0.4876556091442854,0.5123354235144273,male
sp_236,0.8948696567452525,1.1335389083702174,0.6127838567197355,0.6232492903979004,male
sp_237,0.8254261177678232,1.065206128054312,0.4771212547196624,0.5490032620257879,male
sp_238,0.7671558660821804,1.0128372247051722,0.4424797690644486,0.43933269383026263,male
sp_239,0.4864021611682888,0.5839539050007401,-0.04098483160755992,-0.02047930383945319,male
sp_240,0.41871618358907503,0.4605721676853787,-0.1897721651377043,-0.17171518493755528,male
sp_241,0.3743816980508822,0.40329214515825423,-0.3010299956639812,-0.2749054789185309,male
sp_242,0.35793484700045375,0.414973347970818,-0.2596373105057561,-0.2296921445268277,male
sp_243,0.43933269383026263,0.5882717068423291,-0.13966199342900631,-0.12493873660829996,male
sp_244,0.4515538149234514,0.5807386554409024,-0.12279716142628087,-0.13618871101543134,male
sp_245,0.43933269383026263,0.5854607295085007,-0.1106982974936897,-0.14266750356873156,male
sp_246,0.5797835966168101,0.7323937598229685,0.0354297381845483,0.04139268515822508,male
sp_247,0.48059185490621786,0.5931309205686548,-0.0969100130080564,-0.1106982974936897,male
sp_248,0.8337843746564789,1.0301947853567512,0.37291200297010657,0.3096301674258988,male
sp_249,0.8542104500673564,1.1067588784981526,0.3010299956639812,0.3839443184080694,male
sp_250,0.6856521841155244,0.8553374044695403,0.2545480771089738,0.27898211686544316,male
sp_251,0.785329835010767,1.0253058652647702,0.414973347970818,0.414973347970818,male
sp_252,0.8127020842392882,0.9985591141403948,0.47400041624514505,0.510318067477411,male
sp_253,0.7929201704123265,0.9847600011496832,0.23007258262894467,0.27519889006031095,male
sp_254,0.795184589682424,0.9508514588885464,0.5910646070264992,0.6294095991027189,male
sp_255,0.7520484478194386,0.9542425094393248,0.4623979978989561,0.43933269383026263,male
sp_256,0.757268148686857,0.9541185424496722,0.23414351214850845,0.29130053262148714,male
sp_257,0.6772055832868941,0.8992453069702648,0.18986380838365305,0.24231656350702208,male
sp_258,0.7187440288999553,0.9251816705948838,0.3848558572123763,0.4036127131566073,male
sp_259,0.785329835010767,1.0253058652647702,0.414973347970818,0.414973347970818,male
sp_260,0.7057192034400577,0.9131951264604156,0.33382744203665543,0.36082637557652014,male
sp_261,0.42866624821563426,0.5467108425811176,-0.1989700043360188,-0.2614393726401688,male
sp_262,0.5316666794758748,0.6591527350712014,-0.05652914700829235,-0.02845068849725736,male
sp_263,0.6324572921847242,0.7839035792727349,0.1553360374650618,0.19589965240923377,male
sp_264,0.6092428839478783,0.7841710487396352,0.1140652919829442,0.1509088082696874,male
sp_265,0.5185139398778874,0.6901960800285137,0.04139268515822508,0.05197373157967466,male
sp_266,0.48429983934678583,0.667452952889954,-0.12493873660829996,-0.1549019599857432,male
sp_267,0.5440680443502757,0.6720978579357175,-0.0969100130080564,-0.00640734811760114,male
sp_268,0.6499187187354192,0.7893691535914817,0.0766404436703419,0.05728564441821465,male
sp_269,1.0002777707330497,1.3375549467978711,0.5203486287482869,0.6120177766502773,male
sp_270,0.8567288903828826,1.1261314072619844,0.5546440307939773,0.5526611045042518,male
sp_271,0.8615344108590378,1.06707085604537,0.48429983934678583,0.4668676203541095,male
sp_272,0.785329835010767,1.0293837776852095,0.3222192947339193,0.3734553262891324,male
sp_273,0.931457870689005,1.1283992687178064,0.5865873046717549,0.4955443375464485,male
sp_274,0.9993824244627508,1.2168873163662035,0.5896466027886869,0.6399201311496721,male
sp_275,0.9821298150984246,1.2176872376228225,0.7385606273598313,0.6757783416740851,male
sp_276,0.8450980400142568,1.1139433523068367,0.5740312677277188,0.574538015400161,male
sp_277,0.8628169971412708,1.0692080453014432,0.29360453076026377,0.33568821879277727,male
sp_278,0.9542425094393248,1.230448921378274,0.6020599913279624,0.6256689880757186,male
sp_279,0.9310656896565186,1.1631167104521198,0.6232492903979004,0.6720978579357175,male
sp_280,0.8698182079793282,1.1228709228644356,0.34044411484011833,0.3443922736851107,male
sp_281,0.9542425094393248,1.1946716556260388,0.7781512503836436,0.6193053092625553,male
sp_282,0.9505274812755552,1.2430380486862944,0.6020599913279624,0.627051103068918,male
sp_283,0.34830486304816066,0.5538830266438743,-0.14874165128092473,-0.17392519729917355,male
sp_284,0.4329692908744057,0.7201593034059569,-0.07572071393811836,-0.10790539730951958,male
sp_285,0.3074960379132129,0.5740312677277188,-0.14874165128092473,-0.1870866433571444,male
sp_286,0.3374592612906561,0.6273658565927327,-0.13966199342900631,-0.1870866433571444,male
sp_287,0.8494194137968994,1.0648322197385738,0.35793484700045375,0.41995574848975786,male
sp_288,0.724275869600789,0.9444826721501688,0.2787536009528289,0.32861148564276627,male
sp_289,0.9030899869919436,1.130333768495006,0.4771212547196624,0.5308221337112748,male
sp_290,0.7817405426972053,1.0522435556561975,0.4621396430309409,0.460072397579288,male
sp_291,0.8195439355418687,1.0492180226701815,0.3979400086720376,0.4471580313422192,male
sp_292,0.8450980400142568,1.0718820073061257,0.6989700043360189,0.5242851580006771,male
sp_293,0.8129133566428556,1.0413926851582251,0.4471580313422192,0.47055319601461615,male
sp_294,0.8976270912904415,1.0863598306747482,0.414973347970818,0.4623979978989561,male
sp_295,0.7993405494535817,0.9684829485539352,0.3617278360175928,0.414973347970818,male
sp_296,0.785329835010767,1,0.3617278360175928,0.3010299956639812,male
sp_297,0.8339236857141733,1.106658649194543,0.3872439605496662,0.4382520986937752,male
sp_298,0.8708257578464661,1.1406750958723892,0.4355410671338013,0.48873646696154815,male
sp_299,0.8772016443497032,1.1484802093753923,0.4827786668287543,0.5312546727706774,male
sp_300,0.8460597655585663,1.1030704449955782,0.3939389990067894,0.44146390607976327,male
sp_301,0.8279601797903325,1.1214890536158104,0.5191134680922413,0.5584150986273564,male
sp_302,0.8610761782200251,1.1359993023060786,0.3636190313686102,0.3793995893777425,male
sp_303,0.8261738632654678,1.07185028743139,0.3510189192499956,0.3959894085443862,male
sp_304,0.8917125660682558,1.1748440721135265,0.5882767642852605,0.6366176311131307,male
sp_305,0.8404105963622156,1.149077396027971,0.5392445876958245,0.5772321702243856,male
sp_306,1.00646077277228,1.265918212066432,0.7323192795475164,0.6727834619354798,male
sp_307,0.5910646070264992,0.8145008096434959,0.2507350360502061,0.2328772599169389,male
sp_308,0.6074550232146685,0.8435442119456351,0.30920417967040753,0.3010299956639812,male
sp_309,0.31175386105575426,0.4456042032735976,-0.3979400086720376,-0.3279021420642826,male
sp_310,0.4471580313422192,0.5797835966168101,-0.18124418639197992,-0.16143040739807618,male
sp_311,0.4111896457527216,0.5274872628021113,-0.2479155033153576,-0.2732901505924575,male
sp_312,0.39313439424402136,0.4676861985992936,-0.6989700043360187,-1,male
sp_313,0.3717466498620479,0.5046793956695159,-0.5282437481198152,-0.6268566327854949,male
sp_314,0.6215884830936362,0.9564089173280178,0.24407054547461765,0.15152156143355774,male
sp_315,0.6808483819485674,1.0187370358817205,0.1223129996528968,0.06754448549859908,male
sp_316,0.6103055876018059,0.8976484498550372,0.23862491967089233,0.11834984310695586,male
sp_317,0.68098969113106,1.0473963896264369,0.254825009144803,0.17544642579661468,male
sp_318,0.6507920757424349,0.96043219806375,0.210243492394529,0.15003546416491967,male
sp_319,0.5797835966168101,0.7558748556724915,0.07918124604762482,0.14801345108524944,male
sp_320,0.7223346154692623,0.9680557158374272,0.3468634744618234,0.25527250510330607,male
sp_321,0.8129133566428556,1.0969100130080565,0.2787536009528289,0.377319117222184,male
sp_322,0.6334684555795865,0.8920946026904804,0.2787536009528289,0.21565240762116336,male
sp_323,0.5622928644564748,0.8129133566428556,0.31175386105575426,0.2380461031287954,male
sp_324,0.5797835966168101,0.8116929980517597,0.21186263073746828,0.21872019553990107,male
sp_325,0.6453140583814119,0.8611148003126549,0.32482591119157406,0.3390082136988918,male
sp_326,0.5301996982030822,0.8034571156484139,0.08278537031645007,0.16621430585535937,male
sp_327,0.7403626894942439,1.0128372247051722,0.4471580313422192,0.3979400086720376,male
sp_328,0.8692317197309762,1.1430148002540952,0.6020599913279624,0.568201724066995,male
sp_329,0.6989700043360189,0.9307472712875982,0.3950051399121735,0.39349021470597545,male
sp_330,0.8802866269721971,1.1227766145125435,0.6149996047737255,0.5808877221077647,male
sp_331,0.7923916894982539,1.0374264979406236,0.4913616938342727,0.4548448600085102,male
sp_332,0.8750612633917001,1.021189299069938,0.5459305571619997,0.5350361715237012,male
sp_333,0.6665179805548809,0.7435097647284298,0.33243845991560533,0.3979400086720376,male
sp_334,0.7937903846908186,1.0382226383687183,0.5910646070264992,0.6748611407378116,male
sp_335,0.3247282804818584,0.5179024153031133,-0.01113819735557612,-0.02806733098605981,male
sp_336,0.5002965191509094,0.4129633046281546,0.28509479528277615,0.2779869252483142,male
sp_337,0.62329992222468,0.8639588601960494,0.3549703529102309,0.3494281044392789,male
sp_338,0.4983105537896005,0.7520484478194386,0.21484384804769785,0.24551266781414985,male
sp_339,0.5374082203225874,0.7914859645524029,0.16110964736695962,0.1139433523068368,male
sp_340,0.5396280074692744,0.809810296805164,0.1189987645823814,0.0929000615098196,male
sp_341,0.9084850188786496,1.1537480189566065,0.414973347970818,0.4549642514128147,male
sp_342,0.9319586884789302,1.206817498599278,0.4771212547196624,0.5105913782054706,male
sp_343,0.8106121988580295,1.0805036269079242,0.33133169965370857,0.28874589991861266,male
sp_344,0.8260748027008264,1.1139433523068367,0.5185139398778874,0.5185139398778874,male
sp_345,0.7385606273598313,1.023639381192244,0.406790494284096,0.4006332352448101,male
sp_346,0.9294189257142929,1.287801729930226,0.4913616938342727,0.4471580313422192,male
sp_347,0.7323937598229685,1.1172712956557642,0.2041199826559248,0.17609125905568124,male
sp_348,0.8260264241240525,1.1491754188595786,0.6019242318731173,0.5904927903933652,male
sp_349,0.8767949762007006,1.1258064581395268,0.6273658565927327,0.6273658565927327,male
sp_350,0.8356905714924255,1.130333768495006,0.4913616938342727,0.4913616938342727,male
sp_351,0.6307054880230049,0.8721168716286276,0.31908010096856043,0.3015967527206673,male
sp_352,0.5797835966168101,0.8561244442423003,0.1553360374650618,0.1846914308175988,male
sp_353,0.4983105537896005,0.6998377258672457,0.02118929906993809,0.02118929906993809,male
sp_354,0.8904210188009143,1.155336037465062,0.6294095991027189,0.5786392099680724,male
sp_355,0.6304278750250238,0.9185545305502736,0.32014628611105395,0.31806333496276157,male
sp_356,0.694671655626039,1.032976490156935,0.4024103393605812,0.3494850021680094,male
sp_357,0.8294824213322175,1.1725790001347187,0.6520297331087996,0.615224460689137,male
sp_358,0.811872671771834,1.1227020403098544,0.5928277294601079,0.5932804144260366,male
sp_359,0.7915759065075525,1.1209818427786502,0.4077797353531155,0.34230396435253574,male
sp_360,0.5619258204835429,0.859499818939359,0.32588122369005545,0.3004864478433741,male
sp_361,0.6334684555795865,0.9395192526186184,0.31175386105575426,0.290034611362518,male
sp_362,0.7705089644860807,1.0632617866707723,0.3900086852172407,0.3748179655895497,male
sp_363,0.9777236052888476,1.3222192947339193,0.7634279935629372,0.6040310877437264,male
sp_364,0.9084850188786496,1.3636119798921444,0.3979400086720376,0.3617278360175928,male
sp_365,0.9030899869919436,1.1930941672376103,0.6989700043360189,0.5501365077030255,male
sp_366,0.9253120914996495,1.4356851379416298,0.38381536598043126,0.38381536598043126,male
sp_367,0.6532125137753437,0.8976270912904415,0.3424226808222063,0.3617278360175928,male
sp_368,0.8450980400142568,1.089905111439398,0.505149978319906,0.505149978319906,male
sp_369,0.5090059352455775,0.7594714270004326,0.16156308758601004,0.11176275528301446,male
sp_370,0.6812412373755872,0.9344984512435676,0.414973347970818,0.3979400086720376,male
sp_371,0.6693324537359284,0.9251901904846592,0.4111793368469113,0.37960835691120015,male
sp_372,0.7668724066021939,1.0095107377438968,0.4894491101373858,0.460413822731954,male
sp_373,0.41075676420238655,0.5710382305366424,-0.1366771398795441,-0.16749108729376366,male
sp_374,0.35744727383910646,0.5517928585106171,-0.13492647773411437,-0.17721755652928092,male
sp_375,0.6622852586094177,1.0484306846509923,-0.01113819735557612,0.06028696560292494,male
sp_376,0.9918131435622672,1.2565555058280444,0.6008350898232908,0.6601770164088359,male
sp_377,0.8172674811152356,1.0399284901458237,0.4646549714778704,0.4986597991030981,male
sp_378,0.829946695941636,1.2046625117482188,0.5145477526602861,0.48429983934678583,male
sp_379,0.9106090193684894,1.1765492541263387,0.5760381529369056,0.5731335713046317,male
sp_380,0.8633095037649873,1.1345488745346255,0.471104392791818,0.4861458127333639,male
sp_381,0.90270423506341,1.1336835717720448,0.565393232975847,0.5791882452240513,male
sp_382,0.783015479671175,1.0312528273129664,0.4917205223512633,0.49568853503561505,male
sp_383,0.6354837468149122,0.9876662649262746,0.15836249209524964,0.12057393120584987,male
sp_384,0.6256013125019031,0.9160981276745022,0.3171990747180678,0.2766889296657261,male
sp_385,0.6721977977918754,0.9268415622839788,0.31377087512022067,0.2468862328225274,male
sp_386,0.7981194162458944,1.0595634179012676,0.4742162640762552,0.4297522800024079,male
sp_387,0.6866859085906503,0.957567953311006,0.40351368905993634,0.31546805953209567,male
sp_388,0.6705931819645555,0.9233754529372018,0.39145024696852776,0.3191892146811069,male
sp_389,0.6864704728446109,1.002240496892879,0.3983778247171209,0.3450831615599885,male
sp_390,0.6627578316815741,1.0253058652647702,0.3424226808222063,0.3010299956639812,male
sp_391,0.7925968588865718,1.047926667028671,0.4514696521919059,0.4360370439330566,male
sp_392,0.7596678446896304,0.8195439355418687,0.4771212547196624,0.3979400086720376,male
sp_393,0.6253124509616739,0.8796692056320535,0.250420002308894,0.250420002308894,male
sp_394,0.4389732853427451,0.848167732494161,0.02069634257911254,0.00925696993894376,male
sp_395,0.4841621282234155,0.8065892560510307,0.02948560326454367,0.01247348296766177,male
sp_396,0.7948631281271186,1.167317334748176,0.6232492903979004,0.4771212547196624,male
sp_397,0.6857186587020505,0.9343148730907138,0.33137891584078705,0.3055960304342171,male
sp_398,0.7923916894982539,1.0606978403536116,0.414973347970818,0.414973347970818,male
sp_399,0.6946051989335688,0.9590413923210936,0.3617278360175928,0.31175386105575426,male
sp_400,0.8129133566428556,1.0530784434834195,0.4548448600085102,0.43136376415898736,male
sp_401,0.8236858451805239,1.0802705473432537,0.4429629863009985,0.4033415141164513,male
sp_402,1.0326964807809955,1.3089193738585017,0.5773641037200778,0.6036825187345359,male
sp_403,0.900289810784565,1.1441469748931086,0.4891701612575635,0.4891701612575635,male
sp_404,0.7958800173440752,1.0334237554869496,0.4487063199050799,0.456366033129043,male
sp_405,0.9120380701778106,1.164274611516264,0.5780062364176863,0.6417565915397652,male
sp_406,0.7296381428986073,1.0070322132321492,0.3799596954670788,0.3566325070763332,male
sp_407,1.0529253371925718,1.3222192947339193,0.6428386868859467,0.7213652647843948,male
sp_408,0.9078408174853784,1.1507536895185564,0.47862385478604735,0.4707215416522394,male
sp_409,0.8041051800402683,0.9844748404906714,0.3881689548100876,0.3538361755073738,male
sp_410,0.5502283530550941,0.7923916894982539,0.09691001300805642,0.1139433523068368,male
sp_411,0.7334526485138785,0.9699642837365466,0.33173209719905977,0.32832570880516443,male
sp_412,0.7611758131557314,0.9777236052888476,0.3873898263387294,0.3873898263387294,male
sp_413,0.9659830573640864,1.2624510897304295,0.5440680443502757,0.5440680443502757,male
sp_414,0.5250448070368452,0.7558748556724915,0.16136800223497488,0.146128035678238,male
sp_415,0.6100540440200275,0.864582394846385,0.22396643279609008,0.19678760163479375,male
sp_416,0.7403626894942439,1.0413926851582251,0.4016495128961435,0.3921216341788733,male
sp_417,0.7403626894942439,1.021189299069938,0.3979400086720376,0.33243845991560533,male
sp_418,0.7958800173440752,1.039414119176137,0.3710678622717362,0.3424226808222063,male
sp_419,0.638460566032887,0.9242792860618816,0.2304489213782739,0.2304489213782739,male
sp_420,0.7923916894982539,1.0413926851582251,0.4471580313422192,0.4771212547196624,male
sp_421,0.6127838567197355,0.8920946026904804,0.2304489213782739,0.25527250510330607,male
sp_422,0.7595529914231589,0.996247391814425,0.38455498211254807,0.3571551569346893,male
sp_423,0.5485418480332607,0.7973288437150003,0.1746970504719337,0.1603327333326488,male
sp_424,0.8573324964312685,1.130333768495006,0.505149978319906,0.4771212547196624,male
sp_425,0.7161951118466648,0.9724893284999334,0.3945636152899526,0.3683665701720358,male
