species,log10_carL,log10_cheL,log10_cheW,log10_cheD
sp_1,0.5544055642429226,0.7941114864860354,0.2719279442473975,0.3556674177310689
sp_2,0.6666543611333535,0.8943698474707787,0.438845482467852,0.5172846371139438
sp_3,0.5230244134398568,0.7544483810313497,0.3320184136282888,0.40798897346080226
sp_4,0.587878297273376,0.8151234461111061,0.4016625071446097,0.456366266549758
sp_5,1.0293837776852095,1.307496037913213,0.7923916894982539,0.9395192526186184
sp_6,1.0754998510979736,1.3750019003514946,0.7894407612482507,0.8933061681938708
sp_7,1.054159973418954,1.333292792673713,0.7946210980263844,0.8833278986568156
sp_8,1.0530104095701345,1.3687394481779074,0.7362319483034947,0.8320858526809654
sp_9,1.0589952701534429,1.378033283705205,0.7898633414332236,0.8930232264172541
sp_10,1.0608914821319315,1.3521353956953377,0.7791041673457539,0.8706255799148012
sp_11,1.0526876295659795,1.3367698781564414,0.7742930862977504,0.8612340120928154
sp_12,0.6221385604009215,0.7558080102845688,0.2041199826559248,0.21728445201709937
sp_13,0.6219302395654283,0.8037216579183959,0.19988825959613893,0.1961279227929092
sp_14,0.5975406417056477,0.761068716160737,0.28661764282885877,0.38337161944175024
sp_15,0.656833863067081,0.7681754666073747,0.2436334977048416,0.3524653604806314
sp_16,0.5912872080105767,0.7076753430620886,0.3266641550991738,0.42817711644366463
sp_17,0.5368096929490859,0.7652842498550626,0.19648909327127032,0.1554528146880707
sp_18,0.5423095845492234,0.7293400717360954,0.27445255264429275,0.29373200453303705
sp_19,0.772653558232912,0.8948608469904609,0.32024071848521085,0.3965458000882901
sp_20,0.9369507989322308,1.0829484549962536,0.5246090113350907,0.5986402790628097
sp_21,0.7153269182865302,0.7620305106634451,0.09489950531991324,0.20589400227193444
sp_22,0.6532125137753437,0.7781512503836436,0.07918124604762482,0.146128035678238
sp_23,0.9932963034111056,1.169028937709878,0.6361529222010431,0.7287138464732423
sp_24,0.8020114513429514,0.9964558370505634,0.40217877373338096,0.5003579976806374
sp_25,0.7580395129295143,0.8667230250961528,0.21278341198262923,0.3285087936701844
sp_26,0.8794514064879593,0.9705518898646848,0.30929596614261373,0.4158229267144905
sp_27,0.7100769302372991,0.8419848045901139,0.25996647326340516,0.3611359297925181
sp_28,0.7827733883039014,0.9595055558383028,0.3412440212930693,0.4502245316410539
sp_29,0.8154680595320958,0.951762032235631,0.3116246451989503,0.4146518864155125
sp_30,0.627636252551653,0.6989700043360189,0.13765567727090583,0.1959084618066244
sp_31,0.9128078169716294,0.9966916591510268,0.3644283925787524,0.5037906830571811
sp_32,0.7094695018544166,0.7395723444500919,0.09668754030784953,0.23951397938027363
sp_33,0.7318569307709366,0.7803477671968269,0.23681646343692056,0.335122926537062
sp_34,0.8767057671405449,0.9513326172889284,0.27035247713547006,0.3758297999880459
sp_35,0.966480275497948,1.0550465931053192,0.35109459734388526,0.4770005838407851
sp_36,0.7581367642192514,1.0409759370744094,0.3704259910439924,0.4097328204606049
sp_37,0.8036524353866639,0.8641403584952966,0.2537795236733559,0.40163976878960234
sp_38,0.7964612628225146,0.8670048515353905,0.26951294421791633,0.38530819909584346
sp_39,0.7029505210041103,0.7756517909481138,0.20250233252518468,0.2866047063118528
sp_40,0.8527197347912279,0.9362878954511596,0.376515611695287,0.49817044890414464
sp_41,0.7651959107005205,0.8096990325041156,0.2075701760979364,0.30398471891126055
sp_42,0.7557692305289605,0.8820405950865147,0.2473138029810379,0.3611359297925181
sp_43,0.7850770010830599,0.8605597398278664,0.2678874981460163,0.3894950378892339
sp_44,0.8615081147335387,0.8617680599470854,0.2535769798279168,0.3464498856866713
sp_45,0.8436663631807483,0.9624300124923236,0.4140010789034424,0.5040828299939499
sp_46,0.7093163436770328,0.8829087576549591,0.28874589991861266,0.35121526822276267
sp_47,0.8122462434239597,0.9537271790498474,0.3530173303571753,0.46241090757708786
sp_48,0.75886970791908,0.8801328132686077,0.2739857540736179,0.3764082155941358
sp_49,0.6804367566042813,0.7851097167384126,0.15174922289615683,0.24991224791978983
sp_50,0.6526832094973223,0.7545857981179693,0.1731177908495189,0.27505299967379643
sp_51,0.7584857162346635,0.8627385602605152,0.29443824795674944,0.4410629598850158
sp_52,0.6962268255757531,0.8089349194172466,0.16202536579086296,0.39269695325966575
sp_53,0.7481880270062004,0.8832064235561997,0.2683423363104651,0.3747135495608744
sp_54,0.7130220921918997,0.8029336087088987,0.2122611485433164,0.3530173303571753
sp_55,0.721878627021193,0.8832056798999917,0.33443513347689785,0.424863222098164
sp_56,0.7708120843191497,0.9095398910641436,0.3723420316384432,0.4723548152033928
sp_57,0.7807558109892132,0.8988310873221217,0.3381638669406601,0.4301690032854968
sp_58,0.6618322678040501,0.8094422424977252,0.23417366520607863,0.32271113467454593
sp_59,0.5821764278922186,0.8159247310799089,0.39575760597081255,0.3333305528141816
sp_60,0.8406581573291313,1.0983643613116434,0.5547892734521933,0.5482460254067932
sp_61,0.9637878273455552,1.2253092817258628,0.6334684555795865,0.6109206811948211
sp_62,0.8798716837988625,1.1624291940994338,0.6662192299578027,0.5794366680047338
sp_63,0.9319586884789302,1.264997336534571,0.6662192299578027,0.601148911249572
sp_64,0.9182886374203244,1.2288501361090538,0.5953058989068025,0.5968898187491163
sp_65,0.9992749422165604,1.2770980215352756,0.7531654675064385,0.6543880811365907
sp_66,0.8450980400142568,0.9030899869919436,0.4771212547196624,0.4815415729328995
sp_67,0.9033453620081748,1.22233480578886,0.6901357739133732,0.5185139398778874
sp_68,0.9241561518136422,1.2301782579309235,0.5675663256883874,0.5907055133941767
sp_69,0.776808264790866,0.9795351320837864,0.4676295459675065,0.4529170157463611
sp_70,0.6161241411547246,0.8231301516616785,0.3283459734573136,0.2501272127029646
sp_71,0.8054859618311102,1.0183195160807486,0.5463976762283047,0.5429975526330817
sp_72,0.8076490426078147,1.0220150055929544,0.5618895341339388,0.5517666018126876
sp_73,0.8076490426078147,1.0220150055929544,0.5618895341339388,0.5517666018126876
sp_74,0.5460488664017343,0.8363241157067517,0.414973347970818,0.3344537511509309
sp_75,0.8076490426078147,1.0220150055929544,0.5618895341339388,0.5517666018126876
sp_76,0.5164704688904268,0.775705479256014,0.40090758429071854,0.27627272434141537
sp_77,0.6403506332552735,0.8829087576549591,0.5011867182341461,0.4149870511051656
sp_78,0.60422605308447,0.8292866148403042,0.43592651759459605,0.35996219849222566
sp_79,0.5449101813921273,0.7781506471960254,0.40538500561718177,0.32523451798499703
sp_80,0.6709940845240943,0.9179276909588366,0.5079605623423311,0.4588899197817984
sp_81,0.6345363642762835,0.8808152807366371,0.48220986930187426,0.37920123608654216
sp_82,0.5718562772869271,0.8256792149947336,0.46426161940847854,0.3311346915339398
sp_83,0.5860210946932212,0.8451839955807972,0.440498207314531,0.31556536642149763
sp_84,0.7296419502823951,0.9626942107943974,0.5275476680483129,0.5315907848882357
sp_85,0.6830856315342967,0.9514065228526738,0.4132949851169217,0.4717804918157811
sp_86,0.7198399952578132,0.8463371121298052,0.4237246312495864,0.42279322996051943
sp_87,0.6366686647673717,0.8712125013141359,0.4735751379725619,0.3085001705604494
sp_88,0.7151659054182578,0.962859756234547,0.5094932940326347,0.5683187597931714
sp_89,0.8287415415320715,1.0757920398866476,0.6024184510789694,0.6572740326778236
sp_90,0.5301826917229895,0.7134702319890465,0.3461942990756923,0.24511869654322227
sp_91,0.7403626894942439,0.9867717342662448,0.5118833609788743,0.6074550232146685
sp_92,0.707146463218027,0.9329833419430548,0.4977750317749428,0.5705517443506487
sp_93,0.7181629322121973,0.9628899572479552,0.5088382230879606,0.5666759987034815
sp_94,0.8100316912222475,1.0244460962928936,0.5668646512174083,0.5701368376288306
sp_95,0.6483325951307656,0.8912542277830791,0.5116776804132228,0.442325346992588
sp_96,0.5950220435432522,0.8496803457091799,0.4035693706963564,0.4464640911871059
sp_97,0.5136503352140804,0.7271021875177576,0.2830890672397237,0.19361107548474749
sp_98,0.7386443208601001,1.0170283201200043,0.5757615337824721,0.622756333907075
sp_99,0.7444189587167267,0.9896381612367136,0.5439301511705559,0.5883815717190478
sp_100,0.5670120126381542,0.7943519149766414,0.3790572982720425,0.32325087501580596
sp_101,0.5925755143800446,0.829196513139562,0.3747135495608744,0.3065545326563464
sp_102,0.6263294447503096,0.862694429127155,0.45925106981808694,0.36850404204877096
sp_103,0.9505792583010356,1.187520720836463,0.6532125137753437,0.5185139398778874
sp_104,1.0182043515189627,1.312559446901856,0.8634653157280043,0.751395136487364
sp_105,1.0809833081820377,1.3983495961339416,0.7152793847613788,0.9722413360750845
sp_106,0.6772114095120447,0.926348639963382,0.38468866303806926,0.5314789170422551
sp_107,0.7778367492230118,1.0076404546706992,0.72618944858627,0.5365243558162219
sp_108,1.1305463944504115,1.4398716222021564,0.9185741483011528,1.0203096428807796
sp_109,0.8070611453190667,1.0436159179677391,0.6162618100615528,0.581626674380734
sp_110,0.7093254938994072,0.8976008644585398,0.4743248618626465,0.46914659198084646
sp_111,0.7955323035132496,1.0765108718130691,0.5183144476810806,0.7156818820794937
sp_112,0.8406116923053287,1.0162106533261124,0.7323567511789003,1.195752077603623
sp_113,0.8301022998656542,1.0653426618153508,0.7529588764573771,0.5208356614284518
sp_114,0.7193787460423906,0.9455004475314324,0.6493144014198917,0.4573180090467104
sp_115,0.8059678125200613,1.036767532529392,0.4771212547196624,0.7074866739854091
sp_116,0.8027737252919757,1.0969100130080565,0.6812412373755872,0.4623979978989561
sp_117,0.8085001705604495,1.075485616031306,0.5965622991772308,0.7558748556724915
sp_118,0.3116246451989503,0.5531804544033752,-5.435478206070807e-4,-0.11092437480817816
sp_119,0.6627578316815741,0.8569551770644777,0.5851308576974787,0.37018134474712194
sp_120,0.7983966604961783,1.0157856384792334,0.5973168746435858,0.5763350577966391
sp_121,0.7340258957271188,0.8813955303398652,0.4310656896565186,0.6548150837129494
sp_122,0.8269065522676045,1.0721750269140091,0.6199093895851542,0.6365860329116432
sp_123,0.8566612524935138,1.1376556772709057,0.5699395432006182,0.727574760589914
sp_124,0.7925640936405475,1.0475148983242255,0.6014933963686643,0.545311967147963
sp_125,0.5871265439286159,0.793742974591607,0.18684663936830304,0.4595547266861518
sp_126,0.8847329742801272,1.1125253480690245,0.5205541633031033,0.7370060925849251
sp_127,0.650085104220883,0.8557131128821244,0.3177283396096325,0.5641194792550386
sp_128,0.8343698122237897,1.1109528038235164,0.7329315000585328,0.5526704655523708
sp_129,0.5797835966168101,0.8061799739838872,0.3979400086720376,0.2304489213782739
sp_130,0.7306007206357183,0.909599827193786,0.48924618215527554,0.512582578642129
sp_131,0.9637878273455552,1.2988530764097066,0.6020599913279624,0.8893017025063102
sp_132,0.934179207422965,1.2034094168260414,0.8474771340230427,0.6345797974507856
sp_133,0.8951191230919068,1.0570398187539425,0.5849462704696538,0.750947128312732
sp_134,0.8449207045687523,1.077668018732531,0.7516228857325564,0.4749388520184374
sp_135,0.7921656121837655,1.0314037665860796,0.6483325951307656,0.4231685560649026
sp_136,1.1353752863946274,1.2041199826559248,1,0.8694128850389313
sp_137,1.062382492031356,1.3728964072333274,0.8406206186877936,0.8026525230705548
sp_138,0.976635899927706,1.248936983353172,0.7433824456349604,0.7280389119980285
sp_139,1.3579348470004535,1.5289167002776547,1.08278661141401,1.3424226808222062
sp_140,1.3521825181113625,1.5193016867600704,1.0765372117270495,1.0334163466038473
sp_141,1.2126045105437893,1.387746543609323,1.18348938030505,1.0195075267057443
sp_142,1.1763805958619151,1.4276483711869326,1.0380105708917728,0.7881683711411677
sp_143,0.9302682638263692,1.1597231272754074,0.7929309022898736,0.6788430801535724
sp_144,1.2172844520170991,1.48803644442108,1.0276798753781018,0.9928473835156904
sp_145,0.911711604033432,1.128612545259164,0.7824393856520883,0.6611151688780554
sp_146,0.9221767572532944,1.060740099671474,0.6955051632211461,0.5964123815614095
sp_147,0.8920647671297031,1.132579847659737,1.0060379549973173,0.6731889328453028
sp_148,0.9037293409141942,1.11838169184571,0.7797220569179757,0.6589820333431362
sp_149,0.9067989989100872,1.0974320320571396,0.8360168678611454,0.7241333551278211
sp_150,0.8004864478433742,0.950974232536542,0.6895620730351959,0.4969384574706056
sp_151,0.6020599913279624,0.8512583487190752,0.4771212547196624,0.3881659506129703
sp_152,0.8741925903897227,1.0243173778660362,0.7766612626388328,0.637008024019288
sp_153,1.1192755573458133,1.3698942752731202,0.9723061425187156,0.9168043370961086
sp_154,1.1957059747470984,1.469262225177402,0.9929175520967436,0.9218667394885964
sp_155,1.0511525224473812,1.3970568900453972,0.969137513341238,0.9552379432540532
sp_156,1.2249737210071945,1.494272702934405,1.067444250340832,1.0025702732594144
sp_157,1.292477593667784,1.5779740813769634,1.0573940906820576,0.9991147338766436
sp_158,1.249711866874659,1.5795892635076791,0.8783494222177755,0.961607881565935
sp_159,1.2692778189132206,1.4919450153871394,1.1556991147824682,1.0378620825827245
sp_160,1.25436809804829,1.4989525199376632,1.0591846176313713,0.9720758257338532
sp_161,0.9294189257142929,1.2597511299285251,0.8664369718514752,0.7860337284915683
sp_162,1.2041199826559248,1.5021812265558825,1.0910003015398233,1.0301205541706184
sp_163,1.1240058081750572,1.3662111287149403,0.986913960924345,0.9298388715415292
sp_164,1.2671717284030135,1.515873843711679,1.0086001717619175,1.0453229787866574
sp_165,1.2369337293479663,1.50295213405631,1.0918714826945564,1.0315492160858335
sp_166,1.1172688217080955,1.3503268936013493,0.9741392515826204,0.9165081918549872
sp_167,1.1379062550203596,1.3042737134335562,0.9370088519310932,0.9325112970716736
sp_168,1.2168511267079578,1.4643990379290914,1.0370967639666993,0.9950811187590168
sp_169,1.1885982197987874,1.4486692300492572,0.9919464768037436,0.94565373226022
sp_170,1.1072099696478683,1.354108439147401,1.0253058652647702,0.9046860671018612
sp_171,1.1290471402894235,1.293652949923013,0.9550791113999132,0.9477910912162708
sp_172,1.1102351345325892,1.3747367478132282,0.877327034627716,0.919078092376074
sp_173,1.2093232883167189,1.491232060314039,1.070413406840881,1.0106977779934418
sp_174,0.9898473334040192,1.2174839442139065,0.9222062774390164,0.7121450303283382
sp_175,1.1788584715425796,1.382862184413663,1.0413892441939612,0.956378036915308
sp_176,1.2961125587987186,1.5477136198596635,1.2375571947104007,1.0517237998475877
sp_177,1.2387198103099115,1.4605971888976017,1.190051417759206,1.0451710440971818
sp_178,1.276310858463552,1.5122796180015057,1.142893514184314,1.0504670656441075
sp_179,1.236789099409293,1.5051186516399837,1.1418147359734183,1.0461265978011312
sp_180,1.2624510897304295,1.5118833609788744,1.1335389083702174,1.0289157229765824
sp_181,1.164648582795717,1.550228353055094,1.0969100130080565,1.015045614275543
sp_182,1.1545488087060072,1.4065401804339552,1.1687920203141815,0.9615249896206732
sp_183,1.0606978403536116,1.34861688499712,0.9871805442530291,0.9008986481430336
sp_184,0.5336024039881423,0.7459972310057473,0.02091338131877184,0.04452843987989249
sp_185,0.578526074105977,0.7529560433460922,0.12676024109011136,0.08348959890016182
sp_186,0.526339277389844,0.6919651027673603,0.07188200730612536,0.07188200730612536
sp_187,0.5261661841446729,0.650167284001165,-0.01408386003753742,0.01076003205701632
sp_188,0.4643811417357809,0.6616594084045078,0.09595658506804844,0.1305508734887277
sp_189,0.6989700043360189,0.8864510604805793,0.3424226808222063,0.25527250510330607
sp_190,0.4640134775146936,0.63684201254514,0.02168113901056475,0.06192582048354288
sp_191,0.4666803633641055,0.5945822704337587,0.00570062996237194,6.504665102090371e-4
sp_192,0.49147730499224435,0.6324297148998999,0.0068699511259015,0.03999816183787213
sp_193,0.44971325254386374,0.5975982334432656,-0.03312985025153235,-0.00958941667783217
sp_194,0.4183012913197454,0.5774917998372253,-0.03151705144606486,-0.00350913319281951
sp_195,0.6071569487121998,0.8248620929647612,0.3617278360175928,0.505149978319906
sp_196,0.86779944984909,1.1364311377944532,0.6532125137753437,0.5374082203225874
sp_197,0.9344984512435676,1.1931245983544616,0.5440680443502757,0.6334684555795865
sp_198,0.6742730576426702,0.8856895809750319,0.4171989466697228,0.42880522729122567
sp_199,0.7379441158415212,0.9371493995531102,0.4180034713793496,0.4074681034192121
sp_200,0.5459366162154826,0.7143535839343821,0.11721184727360136,0.1986059150800487
sp_201,0.414973347970818,0.6232492903979004,0.146128035678238,0.2304489213782739
sp_202,0.7428607132407901,0.9795206961605468,0.510594649534969,0.47008220533543393
sp_203,0.623126156149661,0.7074866739854091,0.207486673985409,0.07766801873253093
sp_204,0.6900126222025851,0.8739358412885592,0.36540486178213505,0.27750297090207876
sp_205,0.9031121972121222,1.1541232796383374,0.66657749400308,0.5437782101368555
sp_206,0.9205232327046518,1.161729183424734,0.5773641037200778,0.6928031367991561
sp_207,0.9929376786541968,1.2757249989864377,0.8562827639366541,0.7045436847239176
sp_208,0.7506625153073199,0.913177476177922,0.521421884685444,0.4337010009967494
sp_209,0.7392110938700402,0.942256079595197,0.4097719677709343,0.3494850021680094
sp_210,0.708010555194998,0.9024126047763722,0.30330621026777427,0.24598914673695577
sp_211,0.802113026542235,0.97762734141009,0.4194245453686276,0.4310656896565186
sp_212,0.8083575469678681,1.000242932926453,0.4664831670482965,0.4426540995479218
sp_213,0.7596514246177144,0.9659830573640864,0.3883505919942054,0.4460473013452402
sp_214,0.7348868086437795,0.9210369219718092,0.4037654424494662,0.4018252318990869
sp_215,0.3552243537351017,0.5204019229384202,-0.02352702476190242,-0.07242104874093089
sp_216,0.3765769570565119,0.5526682161121932,-0.03151705144606486,-0.05918794946344845
sp_217,0.3965458000882901,0.5424667874683581,-0.10032972527320916,-0.10032972527320916
sp_218,0.7160033436347992,0.9661353879497452,0.35207525841989956,0.43136376415898736
sp_219,0.38283427737950704,0.464197926128357,-0.1419983281826004,-0.12883385882142584
sp_220,0.5145903944537734,0.6855339311358681,0.13765567727090583,0.08732059633022422
sp_221,0.6376549133592311,0.813359945292228,0.06897749216772794,0.07918124604762482
sp_222,0.2348895381776115,0.3259139636624456,-0.2596851745588624,-0.3078472040959495
sp_223,0.43128928388353527,0.5436688357466599,0.0192107228212297,0.04228813896716551
sp_224,0.467974002983134,0.604325792097975,0.13137763943139286,0.09027309152663504
sp_225,0.6505249569669361,0.7477375061012433,0.20769065165079867,0.2291891984207148
sp_226,0.4186881383858427,0.521860165259725,-1.738569154127942e-4,-0.00886438348021578
sp_227,0.825639006999072,1.1280219493510155,0.3177418734074561,0.30533008154493996
sp_228,0.9516535399820868,1.2174520377757707,0.4842414742769676,0.49825583607708934
sp_229,0.727299899169099,0.8809639192102645,0.25925696993894376,0.2235790156711096
sp_230,0.7871314148535133,0.938800839864636,0.2235790156711096,0.2864358011002401
sp_231,0.7583337795495215,0.9334389071687494,0.3217263382430937,0.3712780565504662
sp_232,0.7979684531345868,0.966084622960396,0.33137891584078705,0.36859632135236864
sp_233,0.7985231101725787,0.9675543359479584,0.4134483445217209,0.4202167020189815
sp_234,0.5114203054382639,0.5667694541851087,0.073064017839119,0.073064017839119
sp_235,0.7074866739854091,0.8414333978311623,0.26573945852112757,0.3105881408875176
sp_236,0.6416506143517748,0.773764288229891,0.145017305681259,0.1751240091670814
sp_237,0.8855731744074926,1.0218382928013587,0.45424250943932487,0.4692598625882459
sp_238,0.8324010469106042,0.9873895639916423,0.5212848724871427,0.4739786992010986
sp_239,0.5524998715641045,0.7058370269627601,0.07037444070842726,0.02934282390210332
sp_240,0.9636315077980016,1.119010280050682,0.6667922683161869,0.7365993795250931
sp_241,0.8429156373130318,1.0131031485415591,0.5491487682473488,0.6514899683741247
sp_242,0.8129134057906381,0.984232540240698,0.4763824817987532,0.5081531642431959
sp_243,0.8709428922678784,1.0424446639915743,0.5544436029455042,0.5483688761412291
sp_244,0.568201724066995,0.7160033436347992,0.2304489213782739,0.3010299956639812
sp_245,0.7074866739854091,0.8855731744074926,0.3979400086720376,0.4146518864155125
sp_246,0.7710390731678128,0.9410344722180742,0.4893184741922372,0.5167118777434748
sp_247,0.6626551858555306,0.8388034763602465,0.37409401350310023,0.3965458000882901
sp_248,0.7491552768948002,0.923477662509912,0.4375306316958501,0.4814213406006213
sp_249,0.7317225158852139,0.9022400945529964,0.397592294841212,0.4621396430309408
sp_250,0.8194940796718411,0.9731032769213914,0.4913616938342727,0.5851308576974787
sp_251,0.7864358011002401,0.9471580313422192,0.4969384574706056,0.5773641037200778
sp_252,0.7685946131218223,0.9240945584956994,0.36007965170297845,0.4460473013452402
sp_253,0.8085001705604495,0.9259348003648832,0.4667436439243527,0.4097719677709344
sp_254,0.7927303647542503,0.9302887756222078,0.49781759729877495,0.4460473013452402
sp_255,0.7062347418571437,0.8531027709409853,0.4097719677709344,0.2988475929627562
sp_256,0.7650232959561171,0.6855339311358681,0.46519825713519375,0.39087768732623446
sp_257,0.8152139375125119,1.0035536914870289,0.48377398810943106,0.4842414742769676
sp_258,0.7787231466921841,0.891297436519517,0.41768236190380253,0.36447389505407835
sp_259,0.6179804819601633,0.749086330318272,0.28989179830840506,0.22969624387961543
sp_260,0.8087098733685882,0.97562017516217,0.5210907972578831,0.5395906230238124
sp_261,0.7412938847633839,0.875177044381354,0.4057875029352967,0.4310656896565186
sp_262,0.7074866739854091,0.8661968799114843,0.3756395519916711,0.3891660843645325
sp_263,0.8228216453031046,0.9395192526186184,0.4065401804339551,0.4548448600085102
sp_264,0.6696185213320709,0.7481187725833677,0.2798679098236123,0.25527250510330607
sp_265,0.769165345971071,0.9405101208058836,0.49749367004295886,0.4718703650676248
sp_266,0.6737625799993447,0.8771741678555094,0.28989179830840506,0.3323209877780628
sp_267,0.35121526822276267,0.6329981852475396,-0.13076701623549897,-0.14415715530976866
sp_268,0.6812412373755872,0.9242792860618816,0.505149978319906,0.568201724066995
sp_269,0.8808135922807914,1.1398790864012365,0.6434526764861874,0.6627578316815741
sp_270,0.529888398262892,0.7976948148885311,0.32060712807758485,0.2475883062760536
sp_271,0.5681584952471076,0.914183440148064,0.14389227953595832,0.10749850423806814
sp_272,0.6020599913279624,0.919078092376074,0.2304489213782739,0.17609125905568124
sp_273,0.693382891553154,0.9107626423435808,0.5017879780158496,0.4012990147967097
sp_274,0.5769347686972106,0.9638611292528853,0.13679705379751023,0.15465902097915418
sp_275,0.768756383548391,1.0000319188834614,0.3958113999988059,0.3994722718092676
sp_276,1,1.2833012287035497,0.6015164435073552,0.6461448127447643
sp_277,0.9684829485539352,1.287801729930226,0.6127838567197355,0.6339271220764865
sp_278,0.9444826721501688,1.130333768495006,0.5563025007672873,0.5440680443502757
sp_279,0.7806088966339699,0.9940723345611738,0.37735437944582423,0.41135277775375795
sp_280,0.890805891246575,1.1235445280245524,0.37018134474712194,0.37018134474712194
sp_281,0.9564562755880484,0.5003932231233218,0.4808084192214975,0.48160769387227015
sp_282,0.7688469030339474,0.9997804633541642,0.3958171649701138,0.39923871970220126
sp_283,0.789334958977689,1.0290789420455226,0.48880946954742055,0.469821110608234
sp_284,0.9506702340444496,1.252853030979893,0.5453071164658241,0.5327543789924978
sp_285,1.0660827590644248,1.3445147709744103,0.687539032363307,0.6912248399252832
sp_286,0.8002882581899651,1.0644579892269184,0.3717078417659261,0.37884601888318126
sp_287,0.7539127104538185,1.005094675072549,0.291701770729981,0.2762319579218336
sp_288,0.8218250191086646,1.1133128392979024,0.35207525841989956,0.3222192947339193
sp_289,0.5969614273874915,0.8156752029794956,-0.02100491079658482,0.09466510825500334
sp_290,0.6019242318731173,0.8225145323605713,0.0965622991772308,0.03959062302381241
sp_291,0.4785137608623673,0.652236646761762,-0.04367644689084142,-0.03059008748689485
sp_292,0.5481072926732027,0.7397156685988682,0.0965622991772308,0.07546797832574541
sp_293,0.6371943977751895,0.8539766040757454,0.15680180608890537,0.26509984910154105
sp_294,0.7558748556724915,1.0043213737826426,0.2304489213782739,0.2304489213782739
sp_295,0.7286077842524781,0.9282605279089856,0.44025245247218386,0.49678864908870546
sp_296,0.7254315772535325,0.9372351104481268,0.4231963936703445,0.4398632483197886
sp_297,0.7217723003316778,0.9587312227852404,0.4032663474884632,0.4165608009714583
sp_298,0.6378376130435921,0.858608001609175,0.35851053594831517,0.3983495961339416
sp_299,0.8432461692598939,1.081669730809618,0.4375608351792661,0.4483278866860039
sp_300,0.7493110155617505,1.0295312822115923,0.441348602633,0.4135987407668468
sp_301,0.857852489690679,1.0884073834781078,0.4474546990286829,0.4589344240226963
sp_302,0.9196761644477106,1.1562579278316931,0.6305719338503335,0.635804650689416
sp_303,0.7241985517288838,1.0128372247051722,0.414973347970818,0.4842414742769676
sp_304,0.9344984512435676,1.1613680022349748,0.5622928644564748,0.568201724066995
sp_305,0.8682918632538998,1.109205514069298,0.4931618885253827,0.576614657555129
sp_306,0.8152393631013182,1.040511543225667,0.4524388834817024,0.4582269742749625
sp_307,0.5175293063177959,0.6070401079256079,0.01065789636390565,0.02432824820931013
sp_308,0.47294828016114593,0.5187701201165499,-0.10656699840202608,-0.09118170565292062
sp_309,0.4547745915829132,0.4692298151365992,-0.21154152201739648,-0.18428521855672012
sp_310,0.4211173431736198,0.4713016244210783,-0.17827366175690626,-0.14522286046076682
sp_311,0.5008127791433687,0.6358845122610702,-0.06446906401861663,-0.12493873660829996
sp_312,0.4874718802513051,0.6111917229391741,-0.07829015248692957,-0.08721785221302988
sp_313,0.4821887504335539,0.6241092805950375,-0.06648734610242098,-0.08247194913994191
sp_314,0.6222127860864678,0.784042165657697,0.1128807181774199,0.11586219166425828
sp_315,0.5235558429208417,0.6378789420241077,-0.05624674528142073,-0.05307144721379168
sp_316,0.4471580313422192,0.5726392970428132,-0.1549019599857432,-0.13966199342900631
sp_317,0.8715385406079762,1.0525003757908968,0.3970129606654768,0.3333403976845369
sp_318,0.9025720425084596,1.154408066577547,0.3767779228316687,0.4771212547196624
sp_319,0.7364145882930392,0.8547305932853537,0.2293340298824493,0.2714273968653334
sp_320,0.8125632383833268,1.0108475353301063,0.2720174524423258,0.32360124699710574
sp_321,0.8159704600515342,0.993019538552761,0.45502777605624184,0.4940547142566854
sp_322,0.8253658182799454,1.0093462124802328,0.2548700336194424,0.29941062567155435
sp_323,0.7811702278823023,0.912376528376504,0.4243715909478418,0.463037394682125
sp_324,0.7739642325817568,0.954483650209194,0.36478486315098496,0.3624450014190182
sp_325,0.7677862488785382,0.9504687199919089,0.23942576038720784,0.2822935257419419
sp_326,0.71526406870042325,0.9128701139974306,0.1728947496019641,0.22743273697894323
sp_327,0.7103181155110595,0.8872737698814315,0.26205133210877124,0.295264280848473
sp_328,0.8125632383833268,1.0108475353301063,0.2720174524423258,0.32360124699710574
sp_329,0.6912975783990535,0.8673544089031036,0.221653522052732,0.2618684873652673
sp_330,0.46519825713519375,0.5670883196726694,-0.14964986480461398,-0.1936726795685343
sp_331,0.564298074002563,0.6739675815791709,1.87852164090104e-4,0.02895457108874543
sp_332,0.6649057616111135,0.8118718902500659,0.1615983125082613,0.2103263969379092
sp_333,0.6222728968006508,0.774544417136789,0.11838135225376116,0.15427821349440604
sp_334,0.5491487682473488,0.6988831280632251,0.02069634257911254,0.08283797264214388
sp_335,0.5330647522179898,0.6720490477184984,-0.1051263406576774,-0.1168072569599168
sp_336,0.6232492903979004,0.6989700043360189,0.04139268515822508,0.12940928134981644
sp_337,0.5819929059057527,0.6626551858555306,-0.03566687589218288,0
sp_338,0.6653536651210508,0.7779653531145063,0.07036193981696895,0.07900036549564812
sp_339,1.0187004986662431,1.3600101534655629,0.5023498021125274,0.5780200280881092
sp_340,1.0065852037698395,1.343754001307301,0.5473112649175771,0.6275767673870324
sp_341,0.9648722086377752,1.1847765782508497,0.6087404323356277,0.6304287499877461
sp_342,0.906395965082218,1.149394743968336,0.5450952720303227,0.5636686760382075
sp_343,0.9568884546500772,1.1599279528959847,0.5740783613365734,0.6030683892348631
sp_344,0.8751376857709652,1.0889985491558951,0.4994237960035359,0.5017130314628198
sp_345,0.785329835010767,1.0412311105843148,0.34197356537575607,0.3838051825347135
sp_346,0.414973347970818,0.7160033436347992,-0.04575749056067511,-0.06017738186207484
sp_347,0.943813150582184,1.126288662096241,0.5865873046717549,0.5050460451033673
sp_348,0.998045860685217,1.2208379397629745,0.5673278223760211,0.627871418953874
sp_349,1.0226899084993823,1.259647865942728,0.7655999798288918,0.7188714180938524
sp_350,0.9469110782039356,1.226989906155299,0.660190482720558,0.6257081346961347
sp_351,0.9027421915384496,1.1042992418257014,0.3296206008814746,0.37455238131618857
sp_352,0.9542425094393248,1.1721961368425553,0.5909217939723863,0.6134363717504795
sp_353,0.9540437931043456,1.185560780760838,0.6087607258042037,0.6720978579357175
sp_354,0.9236679960388262,1.1579645918161865,0.3555879089836312,0.35116356034278223
sp_355,1.0125634142621425,1.2322794338742935,0.7440269474804575,0.7299742856995556
sp_356,1.0863598306747482,1.2763341080560966,0.6461280356782381,0.7323937598229685
sp_357,0.3874080622063679,0.5976785685739869,-0.10712160001867851,-0.13005567245772845
sp_358,0.460760003687425,0.7429139290824855,-0.0489985543246353,-0.08924323579761342
sp_359,0.35955787193822153,0.6235260874283075,-0.09967582231800597,-0.13400427549053529
sp_360,0.4566419508802092,0.7797234814550433,-0.03447457661130441,-0.05022653445456654
sp_361,0.3762163046307371,0.6531696162562489,-0.09270974199484072,-0.1419983281826004
sp_362,0.8444487305855489,1.0736292602996729,0.4447068820213544,0.4776249342662642
sp_363,0.7719099025713289,0.990954585045396,0.3850576473935508,0.4038333406078833
sp_364,0.9515449934959718,1.18039134493664,0.5880456295278407,0.6153425596079946
sp_365,0.8309758922044057,1.0797002521841987,0.5078723139274375,0.5199699213138
sp_366,0.8501787639113301,1.092969294913294,0.4771212547196624,0.5134708139795147
sp_367,0.8740940135031001,1.092912679806481,0.6215190243431472,0.5481824006811971
sp_368,0.8290056983285562,1.0472355643208224,0.4621396430309408,0.45946396323509353
sp_369,0.9466311429439958,1.1355256307461734,0.5292130122285027,0.5672479279173368
sp_370,0.7993405494535817,1.021189299069938,0.380211241711606,0.380211241711606
sp_371,0.7958661194759178,0.9637621704375144,0.404442933679906,0.4531675209025453
sp_372,0.8195439355418687,1.0128372247051722,0.3617278360175928,0.3617278360175928
sp_373,0.8179673680651083,1.0358497099148951,0.43274719283216206,0.41251457938095815
sp_374,0.8450980400142568,1.021189299069938,0.6152244606891369,0.5460561782339195
sp_375,0.8638314196827686,1.1443425974832184,0.46024994981695183,0.5161152677924145
sp_376,0.8886513965787209,1.169377774122955,0.4991195186924659,0.5455431898529544
sp_377,0.9033178261633552,1.1826249967914144,0.5352118739080748,0.5809314086596615
sp_378,0.8624159458862882,1.1238405740255475,0.4487826521000424,0.4937671447063302
sp_379,0.8575107374443824,1.144025364283365,0.5099006214780972,0.5572544674484483
sp_380,0.884704904974009,1.171780846729533,0.4520974142481341,0.48042520447708986
sp_381,0.8493367681022038,1.099320793326078,0.42717579157680585,0.4677921087291575
sp_382,0.9125017740963622,1.1944002281111057,0.5809206466465217,0.6319101413485722
sp_383,0.8725116734914907,1.1657736996644923,0.5379857040852084,0.5839591199780438
sp_384,1.0028522467140366,1.2557882903468045,0.6695688678151028,0.6765063241808733
sp_385,0.6298997967169783,0.8403654073258241,0.2710746443853888,0.2519297103987986
sp_386,0.6689167459011558,0.89889336069248,0.3157117372021634,0.2955323035132496
sp_387,0.3715588126073708,0.5278659081747965,-0.3010299956639812,-0.2492991846166288
sp_388,0.4310656896565186,0.5797835966168101,-0.18581853662413467,-0.1746464627288669
sp_389,0.42986158181081346,0.5452840150251063,-0.2268999289398063,-0.2367401131409224
sp_390,0.42598347466174674,0.5257562662495259,-0.5211548792976544,-0.6938547520912807
sp_391,0.41150255924131846,0.5558671451988474,-0.4116592668055157,-0.47598142528364035
sp_392,0.5910646070264992,0.8450980400142568,0.146128035678238,0.1139433523068368
sp_393,0.6122983659124827,0.9073303062234416,0.1926073042002854,0.12105939878603132
sp_394,0.6623062499499536,0.9481281262968873,0.136374242362473,0.10693054227514756
sp_395,0.6218451901621631,0.9055262307266194,0.22741326604118617,0.12663782642195612
sp_396,0.6478878951826023,0.9582629987930332,0.18811464096799424,0.13533579719399702
sp_397,0.637451571818415,0.9358066725011484,0.18396305584521289,0.12556134482422032
sp_398,0.5461479825617139,0.8367132140435464,0.07540890995083332,0.01183195909889673
sp_399,0.5739926603419025,0.7230354678505027,0.03959062302381241,0.09682739987034591
sp_400,0.7451641638670394,0.9710596691319352,0.2963366144415157,0.24286071324079
sp_401,0.7843941061576736,1.037316809148452,0.24143679180437683,0.3303815106201101
sp_402,0.5003066330121226,0.568201724066995,-0.0969100130080564,-0.0969100130080564
sp_403,0.623126156149661,0.8558192691161746,0.24143679180437683,0.19596820858211164
sp_404,0.619502331726644,0.8686157515471443,0.21742717479711923,0.1714309807154169
sp_405,0.6127838567197355,0.8481891169913987,0.2787536009528289,0.2041199826559248
sp_406,0.5404034021671811,0.7786031698827659,0.26461890263483023,0.19208706940351672
sp_407,0.4471580313422192,0.5797835966168101,0.17609125905568124,0.2304489213782739
sp_408,0.5797835966168101,0.8323569730759901,0.18306594013627417,0.16269496217081156
sp_409,0.6233605924737062,0.8491881374968007,0.2163293629465978,0.18911993531643095
sp_410,0.6176874402209055,0.8466727271559018,0.2077967655585825,0.18471885008773892
sp_411,0.6147451812942668,0.8662139017769459,0.15719892792999124,0.07918124604762482
sp_412,0.7389152958928336,0.9578999034806176,0.36038657035357347,0.368698119608366
sp_413,0.7663771894962489,1.023130490096061,0.4225490200071284,0.3890756251918218
sp_414,0.8915227860573465,1.1551660675011357,0.6126546408629314,0.5739926603419025
sp_415,0.3397707262488464,0.49781759729877495,-0.18075537152268137,-0.19453690329564716
sp_416,0.6720978579357175,0.8512583487190752,0.2041199826559248,0.25527250510330607
sp_417,0.5377734806962654,0.719192053517357,0.07918124604762482,0.06941257778813394
sp_418,0.7380535112165472,0.95545178635034,0.35322012656799284,0.36424975326926173
sp_419,0.4471580313422192,0.6020599913279624,-0.08034379203882795,-0.0987095720553436
sp_420,0.7095646538709879,0.9413305580779154,0.3431990690184323,0.34763971087511975
sp_421,0.896664059886229,1.150137054485224,0.5760022137740282,0.5684394548460951
sp_422,0.8696674800980397,1.0917772668094308,0.4531675209025453,0.4263924343402739
sp_423,0.8915515091557851,1.1198701124658792,0.506285146550591,0.5355129609777372
sp_424,0.8750612633917001,1.021189299069938,0.45699613141983775,0.4465436954729554
sp_425,0.684474258500203,0.7841431136019877,0.3374305703689058,0.4064566783214278
sp_426,0.8323895992256969,1.0777469670122413,0.609215231809616,0.6820849999307159
sp_427,0.7803557181733004,1.0337016324609074,0.3855685061598373,0.37218216910933344
sp_428,0.35756747830017493,0.5441339754108956,-3.623652137380538e-4,-0.01871155399070654
sp_429,0.541579243946581,0.7834504082427346,0.1914045786193335,0.17535037644063006
sp_430,0.380211241711606,0.7250875897811844,0.08804562952784062,0.00784749426325906
sp_431,0.5359124775499691,0.4318144739037552,0.29242658458961024,0.2702326985126293
sp_432,0.5105450102066121,0.9020028913507294,0.1931245983544616,0.15836249209524964
sp_433,0.5118833609788743,0.7596678446896304,0.2304489213782739,0.2304489213782739
sp_434,0.6329568080831645,0.8677141710254548,0.33421678098823804,0.32053863020867934
sp_435,0.5242694534223473,0.7489518214965838,0.16102690884778312,0.18304329950999987
sp_436,0.555700440332245,0.8002026692054522,0.1600706574241702,0.07766801873253093
sp_437,0.5555472504882435,0.8134117340322102,0.09389878943320762,0.06004383352160412
sp_438,0.8860354779722119,1.1230085980251876,0.4182514312084519,0.4362895343737995
sp_439,0.8949265614412064,1.1521560515029488,0.45963659128576817,0.449980945045255
sp_440,0.792047575678861,1.0661018368329822,0.3159318937817884,0.25037292579628323
sp_441,0.7686843948195654,1.0534928174220712,0.3189898443086915,0.30338920906866956
sp_442,0.8292918577035313,1.092912679806481,0.4582269742749625,0.4401208879477401
sp_443,0.7734663900361822,1.0250580110412315,0.389135215594979,0.37411380316398607
sp_444,0.7766327134555954,1.0303481862905386,0.34503407986281176,0.34874886729938276
sp_445,0.8609053076062734,1.187080780302487,0.4168921873282395,0.362955816147524
sp_446,0.8582949501468428,1.1665597896443765,0.3835327284604044,0.3568072522844269
sp_447,0.814814845915453,1.115856286796446,0.515423714856147,0.5010682918402166
sp_448,0.8609465081074787,1.1042959142279885,0.5349228128285907,0.5349228128285907
sp_449,0.8000135687831922,1.0614802987734289,0.4164583014853866,0.3969096057381483
sp_450,0.8419398442419121,1.123802532075385,0.4573037838855402,0.44895093713411394
sp_451,0.7271018598277429,0.965591590407142,0.35239064598701153,0.340107194741039
sp_452,0.6336562789157223,0.8930270021634441,0.12956987921050933,0.21136876697319712
sp_453,0.534426746835749,0.741155175016766,0.05198733469319408,0.06588950468459354
sp_454,0.8789442533299829,1.134305364964706,0.5335800809615534,0.47760808351229217
sp_455,0.5951672500305683,0.8294586100222587,0.2362173152470552,0.24120809537359933
sp_456,0.7200651076314074,1.038390334328017,0.4009202291310667,0.3471308950527417
sp_457,0.8171398129724138,1.1354854845017868,0.5747041027013068,0.5386820518600389
sp_458,0.7994208111232852,1.060948720584599,0.42249364168396575,0.40092400695546054
sp_459,0.8256887746573258,1.1188891396824865,0.5088454757791359,0.5094242059659119
sp_460,0.8325089127062363,1.118909691014519,0.43136376415898736,0.4471580313422192
sp_461,0.6334684555795865,0.9590413923210936,0.2041199826559248,0.17609125905568124
sp_462,0.7958433965346131,1.1253884342737392,0.4299265762580699,0.3632747777504724
sp_463,0.5753038774316828,0.8505028501949848,0.30631139192770823,0.2728189466335515
sp_464,0.805479053049451,1.0661298447655223,0.5249964284600713,0.5134708139795147
sp_465,0.6573548464775869,0.9331879807841554,0.4675015757268274,0.2955323035132496
sp_466,0.7896586910066141,1.0489718275988542,0.4223205251152049,0.3945299816997414
sp_467,0.9404067961403956,1.2618082095271854,0.6827439924454498,0.5887298346099997
sp_468,0.9084850188786496,1.3636119798921444,0.3979400086720376,0.3617278360175928
sp_469,0.9030899869919436,1.1866696128906733,0.6215190243431472,0.5553303441835404
sp_470,0.9147432298919064,1.3374923085342612,0.42459910871442474,0.4326289972413681
sp_471,0.6532125137753437,0.9030560550845456,0.35207525841989956,0.3617278360175928
sp_472,0.8187448647562554,1.0616644334631735,0.4136846365269127,0.42378632957105616
sp_473,0.5495854346500433,0.8026399243104085,0.16820172754889198,0.097545745426228
sp_474,0.4768798458666144,0.7520314413393459,0.1300356939925374,0.06028696560292494
sp_475,0.7260466245088657,0.9715493115027426,0.414973347970818,0.3798339223448152
sp_476,0.6900267253839841,0.940467824864298,0.3957074555647695,0.3693864471000529
sp_477,0.7671955413004783,1.0178740279626346,0.4458622010740011,0.425640733234287
sp_478,0.4665760180985267,0.6283784446193464,-0.05982190029038187,-0.08592794634810688
sp_479,0.4231521489839456,0.6093838634522698,-0.05703290816236332,-0.10476044709931652
sp_480,0.6812412373755872,0.949280322469856,0.35207525841989956,0.3116246451989503
sp_481,0.7745004079244799,1.146268376956145,0.22305022132188332,0.25760851340382523
sp_482,1.002641978770891,1.2696895397017518,0.5972977251207612,0.6223600975761736
sp_483,0.9493900066449128,1.212187604403958,0.5440680443502757,0.5797835966168101
sp_484,0.8519413020043316,1.0675062619067064,0.4825962472306818,0.5196467896520105
sp_485,0.8490015288823387,1.2104142070171058,0.5165308462690867,0.4913051965681931
sp_486,0.9315481966483862,1.192072328034107,0.578729054823881,0.5735313610855637
sp_487,0.8946131838678685,1.1640806837380455,0.47541549276179745,0.4898131662209584
sp_488,0.9396836267074042,1.1683821827559335,0.517102320326766,0.5308420950438838
sp_489,0.8189669684624665,1.0575590598352038,0.4904806575665416,0.4935911204140591
sp_490,0.6267659217635024,0.8969231194550809,0.16431210374510352,0.12221278608646784
sp_491,0.6368899819465675,0.8230832351844355,0.33449042879851343,0.2826547470736523
sp_492,0.6627051557836096,0.9110956880389248,0.29606145451346305,0.24230218338414675
sp_493,0.7425361320445668,0.9756673808150736,0.3714873640354109,0.33735143720409055
sp_494,0.8072261564604075,1.0399623502744877,0.48968312119808066,0.4534367673610352
sp_495,0.6294867726784621,0.8889640703555121,0.2622504740485204,0.16991333852346077
sp_496,0.6829206777373898,0.9327732925441012,0.3796509087595132,0.3064832472748365
sp_497,0.6785291913273217,0.9257598018066494,0.3920959208903142,0.3277329815670454
sp_498,0.6524292760230104,0.9204300813904516,0.2826831232323141,0.21012689211727037
sp_499,0.7053811627086632,1.0006080350937328,0.41271668908611087,0.363830863497259
sp_500,0.6851640038897553,1.023247582167354,0.37018134474712194,0.3116246451989503
sp_501,0.7539658658651603,0.9661417327390326,0.290034611362518,0.30832838002402635
sp_502,0.8061799739838872,1.0508654776947153,0.45922262667712904,0.43965799024854646
sp_503,0.7553214072352865,0.9849010298794192,0.3773487570319658,0.3523095305216895
sp_504,0.7378355941622148,0.7731355722842205,0.4340281809115208,0.3559036145205955
sp_505,0.8375436740510293,1.0858979093733503,0.4828134533956987,0.4838955548800187
sp_506,0.6371065243470495,0.858726162680428,0.27400412855673373,0.21718731916754133
sp_507,0.5185139398778874,0.6766936096248666,0.09691001300805642,0.04139268515822508
sp_508,0.4785648632344855,0.8661309690072525,0.04576130120847494,0.02842778515997857
sp_509,0.5038208873424129,0.8207624566361486,0.04182841673013489,0.03364621667566332
sp_510,0.8307830325802459,1.1349165462381403,0.5512830041212838,0.5244452800220225
sp_511,0.6867752328412466,0.9173238208236372,0.3021707902593542,0.27431703956025577
sp_512,0.7758774365082833,1.0470607979202806,0.4142493890973976,0.3750612633917
sp_513,0.8248620929647612,1.078803926680834,0.4310656896565186,0.43868567293488703
sp_514,0.7363782246586061,0.96952238195242,0.35695517706447766,0.3063919283598677
sp_515,0.8083890875797642,1.0538811557387515,0.4440720686260948,0.4362450366762538
sp_516,0.8692903322612446,1.1097067336602708,0.46631093603371065,0.43709138104392314
sp_517,1.042810908986784,1.301807442713484,0.6176746382242684,0.6332201752080551
sp_518,0.9294189257142929,1.1739425156686858,0.55796869156044,0.5612250271920647
sp_519,0.926101075619326,1.164137977480714,0.5231349765138754,0.5151222295580624
sp_520,0.8367578304323073,1.0527295798498872,0.4789679858666726,0.4815584070553096
sp_521,0.9249636192350414,1.1641306443407435,0.5936082462526793,0.6563918326240072
sp_522,0.7597755385134045,0.997755374521324,0.3765807539241128,0.3621872600685807
sp_523,0.759822025388602,1.0028673683941214,0.3632879789787003,0.35771024565849546
sp_524,1.0352835581283812,1.3222192947339193,0.7264118345805269,0.7670014515786854
sp_525,0.9131012433820732,1.141249004441146,0.4851563242645556,0.46809284455535033
sp_526,0.923805418646271,1.1613680022349748,0.5523732376347187,0.5561379506730759
sp_527,0.8418030363143062,1.075415035990814,0.4741076918406774,0.4377273094298076
sp_528,0.8185228519380526,1.007826499766695,0.4121526889610951,0.38018817797066445
sp_529,0.5918484043173403,0.8233488656496672,0.12913900762151564,0.16571364826037152
sp_530,0.7665630475452719,0.9843095723868835,0.34711179621828464,0.35931042645721734
sp_531,0.758611704458227,0.9774667307358303,0.368081406963824,0.3677197520387322
sp_532,0.9659830573640864,1.2373193470671937,0.5730640178391191,0.5561348842086353
sp_533,0.5524142018268277,0.7670130530280675,0.18942597322444055,0.15374801895660645
sp_534,0.6260398282323891,0.8699927939911871,0.2261272623234847,0.19923172864183744
sp_535,0.7592569699389438,1.0312909921140816,0.3989074671803307,0.38240308615659985
sp_536,0.7481187725833677,1.0105946495349691,0.3798339223448152,0.32732887732476235
sp_537,0.8189324109670946,1.0519360542015277,0.3888040213528457,0.3567452715469713
sp_538,0.7134151985886694,0.9848875028287364,0.28955182260931855,0.28551114539166117
sp_539,0.8059678125200613,1.0547892734521933,0.4621396430309408,0.4771212547196624
sp_540,0.6564389967276951,0.8918087885259681,0.2258689842401644,0.2118279156049707
sp_541,0.7341263232207791,0.966468088896402,0.3575130355016285,0.3292416008563391
sp_542,0.7374349059123501,0.973915157410352,0.3594614482683042,0.3332841112161592
sp_543,0.5831845932558676,0.8061535993728118,0.18493213711392983,0.1691919611946741
sp_544,0.8761010765882605,1.1279075170978,0.49825583607708934,0.47347163534891273
sp_545,0.6651935221890489,0.8977847366883865,0.2920009449037477,0.2839360085005265
sp_546,0.7394628962154987,0.976328793026993,0.3598306890417395,0.3358916107190792
sp_547,0.7381407294702284,0.9729808162899926,0.37700820060404366,0.3465520256162745
